# Blender 5.1.2
# www.blender.org
mtllib keybowopitionalbody.mtl
o Keybow
v 0.073572 0.993572 0.146135
v -0.004576 0.993572 0.179820
v 0.029013 0.848132 0.043264
v -0.048861 0.848132 0.076832
v -0.004576 -0.356537 0.179820
v 0.073572 -0.356537 0.146135
v 0.029014 -0.211097 0.043264
v -0.048861 -0.211097 0.076832
v -0.144696 0.685682 -0.066429
v -0.094664 0.862462 0.049643
v 0.040697 0.862462 -0.008704
v -0.009336 0.685682 -0.124776
v -0.144696 -0.048644 -0.066429
v 0.040697 -0.225428 -0.008704
v -0.094664 -0.225428 0.049643
v -0.009336 -0.048644 -0.124776
v -0.210734 0.316154 -0.206749
v -0.208956 0.451126 -0.202622
v -0.064137 0.451126 -0.265046
v -0.065916 0.316154 -0.269172
v -0.064137 0.664932 -0.265046
v -0.064137 0.181182 -0.265046
v -0.208956 0.664932 -0.202622
v -0.208955 0.181182 -0.202622
v -0.064137 -0.032624 -0.265046
v -0.208955 -0.032624 -0.202622
v -0.221832 0.316154 -0.189553
v -0.220090 0.451126 -0.185510
v -0.208956 0.451126 -0.202622
v -0.220090 0.653382 -0.185510
v -0.210734 0.316154 -0.206749
v -0.208956 0.664932 -0.202622
v -0.208955 0.181182 -0.202622
v -0.183225 0.719152 -0.142929
v -0.220090 0.181182 -0.185510
v -0.198835 0.707782 -0.136201
v -0.220090 -0.021074 -0.185510
v -0.208955 -0.032624 -0.202622
v -0.183225 -0.086846 -0.142929
v -0.198835 -0.075474 -0.136201
v -0.064137 0.451126 -0.265046
v -0.064137 0.664932 -0.265046
v -0.044142 0.653382 -0.261352
v -0.038406 0.719152 -0.205353
v -0.044142 0.451126 -0.261352
v -0.022888 0.707782 -0.212042
v -0.065916 0.316154 -0.269172
v -0.045885 0.316154 -0.265394
v -0.044142 0.181182 -0.261352
v -0.064137 0.181182 -0.265046
v -0.044142 -0.021074 -0.261352
v -0.064137 -0.032624 -0.265046
v -0.038406 -0.086846 -0.205353
v -0.022887 -0.075474 -0.212042
v 0.030274 0.600242 -0.088711
v 0.010340 0.591022 -0.084689
v 0.051806 0.513162 -0.038757
v 0.031200 0.506782 -0.036297
v 0.044183 0.487082 -0.006177
v 0.066571 0.490522 -0.004504
v 0.066532 0.403339 -0.004595
v 0.044183 0.401620 -0.006177
v 0.045950 0.316154 -0.052342
v 0.023598 0.316154 -0.053931
v -0.145674 0.600242 -0.012870
v -0.129063 0.591022 -0.024600
v -0.124141 0.513162 0.037084
v -0.108203 0.506782 0.023792
v -0.095220 0.487082 0.053912
v -0.109376 0.490522 0.071338
v -0.109416 0.403339 0.071247
v -0.095220 0.401620 0.053912
v -0.129997 0.316154 0.023499
v -0.115805 0.316154 0.006158
v 0.030274 0.032071 -0.088711
v 0.010340 0.041282 -0.084689
v 0.051806 0.119149 -0.038757
v 0.031200 0.125522 -0.036297
v 0.044183 0.145223 -0.006177
v 0.066571 0.141785 -0.004504
v 0.066532 0.228970 -0.004595
v 0.044183 0.230688 -0.006177
v 0.045950 0.316154 -0.052342
v 0.023598 0.316154 -0.053931
v -0.145674 0.032071 -0.012870
v -0.129063 0.041282 -0.024600
v -0.124141 0.119149 0.037084
v -0.108203 0.125522 0.023792
v -0.095220 0.145223 0.053912
v -0.109376 0.141785 0.071338
v -0.109416 0.228970 0.071247
v -0.095220 0.230688 0.053912
v -0.129997 0.316154 0.023499
v -0.115805 0.316154 0.006158
v -0.129063 0.591022 -0.024600
v 0.010340 0.591022 -0.084689
v 0.031200 0.506782 -0.036297
v -0.108203 0.506782 0.023792
v 0.044183 0.487082 -0.006177
v -0.095220 0.487082 0.053912
v 0.044183 0.401620 -0.006177
v -0.095220 0.401620 0.053912
v 0.023598 0.316154 -0.053931
v -0.115805 0.316154 0.006158
v 0.010340 0.041282 -0.084689
v -0.129063 0.041282 -0.024600
v 0.031200 0.125522 -0.036297
v -0.108203 0.125522 0.023792
v 0.044183 0.145223 -0.006177
v -0.095220 0.145223 0.053912
v 0.044183 0.230688 -0.006177
v -0.095220 0.230688 0.053912
v 0.023598 0.316154 -0.053931
v -0.115805 0.316154 0.006158
v -0.076242 0.865182 0.067623
v 0.040697 0.862462 -0.008704
v -0.094664 0.862462 0.049643
v 0.041119 0.865182 0.017035
v 0.148680 1.053992 0.535615
v 0.073572 0.993572 0.146135
v -0.004576 0.993572 0.179820
v 0.226918 1.053992 0.501890
v -0.076242 0.865182 0.067623
v -0.104876 0.850502 0.068642
v -0.081391 0.847182 0.092058
v -0.094664 0.862462 0.049643
v 0.041119 0.865182 0.017035
v 0.061521 0.850502 -0.003083
v 0.040697 0.862462 -0.008704
v 0.062419 0.847182 0.030069
v 0.041119 0.865182 0.017035
v -0.048861 0.848132 0.076832
v 0.029013 0.848132 0.043264
v 0.051564 0.834742 0.050102
v -0.076242 0.865182 0.067623
v 0.062419 0.847182 0.030069
v -0.059370 0.834742 0.097919
v 0.091225 0.746322 0.142115
v -0.081391 0.847182 0.092058
v 0.113243 0.733872 0.147977
v -0.019708 0.746322 0.189932
v 0.108212 0.715622 0.172685
v -0.030567 0.733872 0.209966
v 0.080831 0.732672 0.163477
v -0.009149 0.715622 0.223274
v 0.002956 0.732672 0.197044
v -0.064137 0.664932 -0.265046
v -0.208956 0.664932 -0.202622
v -0.183225 0.719152 -0.142929
v -0.038406 0.719152 -0.205353
v -0.130737 0.719152 -0.021161
v 0.014081 0.719152 -0.083584
v -0.106037 0.719152 0.036143
v 0.038782 0.719152 -0.026280
v -0.183225 0.719152 -0.142929
v -0.198835 0.707782 -0.136201
v -0.130737 0.719152 -0.021161
v -0.146347 0.707782 -0.014432
v -0.126358 0.707782 0.031942
v -0.106037 0.719152 0.036143
v -0.038406 0.719152 -0.205353
v -0.022888 0.707782 -0.212042
v 0.029600 0.707782 -0.090274
v 0.014081 0.719152 -0.083584
v 0.049590 0.707782 -0.043899
v 0.038782 0.719152 -0.026280
v -0.090598 0.581352 0.071959
v -0.109099 0.573582 0.071982
v -0.084833 0.549712 0.128277
v -0.064276 0.553872 0.133025
v 0.054220 0.581352 0.009535
v 0.066849 0.573582 -0.003859
v 0.091115 0.549712 0.052436
v 0.080543 0.553872 0.070602
v -0.090598 0.581352 0.071959
v 0.054220 0.581352 0.009535
v -0.064276 0.553872 0.133025
v 0.080543 0.553872 0.070602
v 0.030274 0.032071 -0.088711
v -0.032175 0.041282 -0.183322
v 0.010340 0.041282 -0.084689
v -0.017542 0.032071 -0.199641
v 0.051806 0.119149 -0.038757
v 0.031200 0.125522 -0.036297
v 0.044183 0.145223 -0.006177
v 0.066571 0.141785 -0.004504
v -0.193490 0.032071 -0.123800
v -0.145674 0.032071 -0.012870
v -0.171578 0.041282 -0.123233
v -0.129063 0.041282 -0.024600
v -0.124141 0.119149 0.037084
v -0.108203 0.125522 0.023792
v -0.095220 0.145223 0.053912
v -0.109376 0.141785 0.071338
v 0.010340 0.041282 -0.084689
v -0.171578 0.041282 -0.123233
v -0.129063 0.041282 -0.024600
v -0.032175 0.041282 -0.183322
v 0.031200 0.125522 -0.036297
v -0.108203 0.125522 0.023792
v 0.044183 0.145223 -0.006177
v -0.095220 0.145223 0.053912
v 0.039281 -0.190726 0.281565
v 0.148680 -0.220935 0.535615
v 0.226919 -0.220935 0.501890
v 0.117428 -0.190726 0.247880
v 0.094590 0.976012 0.149920
v 0.226918 1.053992 0.501890
v 0.243267 1.034652 0.494843
v 0.073572 0.993572 0.146135
v 0.029013 0.848132 0.043264
v 0.051564 0.834742 0.050102
v 0.094590 -0.338982 0.149920
v 0.226919 -0.416956 0.501890
v 0.073572 -0.356537 0.146135
v 0.243268 -0.397621 0.494843
v 0.029014 -0.211097 0.043264
v 0.051564 -0.197713 0.050102
v 0.128061 0.702222 0.151285
v 0.061521 0.850502 -0.003083
v 0.113243 0.733872 0.147977
v 0.062419 0.847182 0.030069
v 0.061522 -0.213471 -0.003083
v 0.128061 -0.065188 0.151285
v 0.113243 -0.096841 0.147977
v 0.062419 -0.210148 0.030069
v 0.040697 0.862462 -0.008704
v 0.012754 0.678162 -0.116219
v -0.009336 0.685682 -0.124776
v 0.061521 0.850502 -0.003083
v 0.040697 -0.225428 -0.008704
v -0.009336 -0.048644 -0.124776
v 0.012754 -0.041124 -0.116220
v 0.061522 -0.213471 -0.003083
v -0.064137 0.664932 -0.265046
v -0.044142 0.653382 -0.261352
v -0.038406 0.719152 -0.205353
v -0.044142 -0.021074 -0.261352
v -0.064137 -0.032624 -0.265046
v -0.038406 -0.086846 -0.205353
v 0.030274 0.600242 -0.088711
v -0.017542 0.600242 -0.199641
v 0.029600 0.707782 -0.090274
v -0.022888 0.707782 -0.212042
v -0.044142 0.653382 -0.261352
v -0.044142 0.451126 -0.261352
v -0.017542 0.451126 -0.199641
v -0.017542 0.316154 -0.199641
v -0.045885 0.316154 -0.265394
v -0.044142 0.181182 -0.261352
v -0.017542 0.181182 -0.199641
v -0.017542 0.032071 -0.199641
v -0.044142 -0.021074 -0.261352
v -0.022887 -0.075474 -0.212042
v 0.029600 -0.075474 -0.090274
v 0.030274 0.032071 -0.088711
v 0.049590 -0.014045 -0.043900
v 0.049590 -0.075474 -0.043900
v 0.066849 0.058726 -0.003859
v 0.051806 0.119149 -0.038757
v 0.066571 0.141785 -0.004504
v 0.091115 0.082595 0.052436
v 0.091115 0.199374 0.052436
v 0.066532 0.228970 -0.004595
v 0.123057 0.316154 0.126541
v 0.045950 0.316154 -0.052342
v 0.066532 0.403339 -0.004595
v 0.091115 0.432934 0.052436
v 0.066571 0.490522 -0.004504
v 0.091115 0.549712 0.052436
v 0.066849 0.573582 -0.003859
v 0.051806 0.513162 -0.038757
v 0.049590 0.646352 -0.043899
v 0.049590 0.707782 -0.043899
v 0.068528 0.098347 0.013171
v 0.128061 -0.065188 0.151285
v 0.012754 -0.041124 -0.116220
v 0.061522 -0.213471 -0.003083
v 0.012754 0.678162 -0.116219
v 0.061521 0.850502 -0.003083
v 0.128061 0.702222 0.151285
v 0.068528 0.538682 0.013171
v 0.091225 -0.109287 0.142115
v 0.129187 -0.208135 0.230183
v 0.051564 -0.197713 0.050102
v 0.094590 -0.338982 0.149920
v 0.243268 -0.397621 0.494843
v 0.243268 -0.239587 0.494843
v 0.051564 0.834742 0.050102
v 0.094590 0.976012 0.149920
v 0.129187 0.845172 0.230183
v 0.091225 0.746322 0.142115
v 0.243267 1.034652 0.494843
v 0.243267 0.876622 0.494843
v 0.128061 -0.065188 0.151285
v 0.068528 0.098347 0.013171
v 0.059777 0.106062 0.035562
v 0.117846 -0.053369 0.170278
v 0.128061 0.702222 0.151285
v 0.059777 0.530972 0.035562
v 0.068528 0.538682 0.013171
v 0.117846 0.690402 0.170278
v 0.243268 -0.239587 0.494843
v 0.129187 -0.208135 0.230183
v 0.117428 -0.190726 0.247880
v 0.226919 -0.220935 0.501890
v 0.091225 -0.109287 0.142115
v 0.080831 -0.095635 0.163477
v 0.129187 0.845172 0.230183
v 0.243267 0.876622 0.494843
v 0.117428 0.827762 0.247880
v 0.226918 0.857972 0.501890
v 0.091225 0.746322 0.142115
v 0.080831 0.732672 0.163477
v -0.009149 0.715622 0.223274
v -0.030567 0.733872 0.209966
v -0.038337 0.702222 0.223010
v -0.017515 0.690402 0.228624
v 0.128061 0.702222 0.151285
v 0.108212 0.715622 0.172685
v 0.117846 0.690402 0.170278
v 0.113243 0.733872 0.147977
v -0.009149 -0.078588 0.223273
v -0.038337 -0.065188 0.223010
v -0.030567 -0.096841 0.209966
v -0.017515 -0.053369 0.228624
v 0.108212 -0.078588 0.172685
v 0.128061 -0.065188 0.151285
v 0.117846 -0.053369 0.170278
v 0.113243 -0.096841 0.147977
v -0.017515 0.690402 0.228624
v 0.108212 0.715622 0.172685
v -0.009149 0.715622 0.223274
v 0.117846 0.690402 0.170278
v -0.017515 -0.053369 0.228624
v 0.108212 -0.078588 0.172685
v 0.117846 -0.053369 0.170278
v -0.009149 -0.078588 0.223273
v -0.126358 -0.075474 0.031942
v -0.106037 -0.014045 0.036143
v -0.126358 -0.014045 0.031942
v -0.106037 -0.086846 0.036143
v -0.090598 0.050954 0.071959
v -0.109098 0.058726 0.071982
v 0.049590 -0.075474 -0.043900
v 0.038782 -0.014045 -0.026280
v 0.038782 -0.086846 -0.026280
v 0.049590 -0.014045 -0.043900
v 0.054220 0.050954 0.009535
v 0.066849 0.058726 -0.003859
v -0.126358 0.707782 0.031942
v -0.126358 0.646352 0.031942
v -0.106037 0.646352 0.036143
v -0.106037 0.719152 0.036143
v -0.090598 0.581352 0.071959
v -0.109099 0.573582 0.071982
v 0.038782 0.646352 -0.026280
v 0.049590 0.707782 -0.043899
v 0.038782 0.719152 -0.026280
v 0.049590 0.646352 -0.043899
v 0.054220 0.581352 0.009535
v 0.066849 0.573582 -0.003859
v -0.106037 -0.014045 0.036143
v 0.038782 -0.014045 -0.026280
v -0.090598 0.050954 0.071959
v -0.106037 -0.086846 0.036143
v 0.038782 -0.086846 -0.026280
v 0.054220 0.050954 0.009535
v -0.090598 0.581352 0.071959
v 0.038782 0.646352 -0.026280
v -0.106037 0.646352 0.036143
v -0.106037 0.719152 0.036143
v 0.038782 0.719152 -0.026280
v 0.054220 0.581352 0.009535
v -0.084833 0.432934 0.128277
v -0.052890 0.316154 0.202382
v -0.032330 0.316154 0.207137
v -0.084833 0.199374 0.128277
v -0.064276 0.435014 0.133025
v -0.084833 0.549712 0.128277
v -0.064276 0.553872 0.133025
v -0.064276 0.197294 0.133025
v -0.084833 0.082595 0.128277
v -0.064276 0.078434 0.133025
v 0.080543 0.435014 0.070602
v 0.091115 0.549712 0.052436
v 0.080543 0.553872 0.070602
v 0.091115 0.432934 0.052436
v 0.112488 0.316154 0.144713
v 0.123057 0.316154 0.126541
v 0.091115 0.199374 0.052436
v 0.080543 0.197294 0.070602
v 0.091115 0.082595 0.052436
v 0.080543 0.078434 0.070602
v -0.032330 0.316154 0.207137
v 0.080543 0.435014 0.070602
v -0.064276 0.435014 0.133025
v 0.080543 0.553872 0.070602
v -0.064276 0.553872 0.133025
v 0.112488 0.316154 0.144713
v 0.080543 0.197294 0.070602
v -0.064276 0.197294 0.133025
v 0.080543 0.078434 0.070602
v -0.064276 0.078434 0.133025
v -0.075583 0.106062 0.093908
v -0.017515 -0.053369 0.228624
v 0.059777 0.106062 0.035562
v 0.117846 -0.053369 0.170278
v -0.075583 0.530972 0.093908
v 0.059777 0.530972 0.035562
v -0.017515 0.690402 0.228624
v 0.117846 0.690402 0.170278
v -0.032175 0.451126 -0.183322
v -0.032175 0.316154 -0.183322
v -0.017542 0.316154 -0.199641
v -0.032175 0.181182 -0.183322
v -0.017542 0.451126 -0.199641
v -0.032175 0.591022 -0.183322
v -0.017542 0.600242 -0.199641
v -0.017542 0.181182 -0.199641
v -0.032175 0.041282 -0.183322
v -0.017542 0.032071 -0.199641
v -0.193490 0.451126 -0.123800
v -0.171578 0.591022 -0.123233
v -0.193490 0.600242 -0.123800
v -0.171578 0.451126 -0.123233
v -0.171578 0.316154 -0.123233
v -0.193490 0.316154 -0.123800
v -0.193490 0.181182 -0.123800
v -0.171578 0.181182 -0.123233
v -0.171578 0.041282 -0.123233
v -0.193490 0.032071 -0.123800
v -0.171578 0.591022 -0.123233
v -0.171578 0.451126 -0.123233
v -0.032175 0.451126 -0.183322
v -0.032175 0.591022 -0.183322
v -0.032175 0.316154 -0.183322
v -0.171578 0.316154 -0.123233
v -0.171578 0.181182 -0.123233
v -0.032175 0.181182 -0.183322
v -0.171578 0.041282 -0.123233
v -0.032175 0.041282 -0.183322
v 0.039281 -0.190726 0.281565
v 0.117428 -0.190726 0.247880
v 0.080831 -0.095635 0.163477
v 0.002957 -0.095635 0.197044
v 0.039281 0.827762 0.281565
v 0.117428 0.827762 0.247880
v 0.080831 0.732672 0.163477
v 0.002956 0.732672 0.197044
v -0.076242 -0.228144 0.067623
v 0.040697 -0.225428 -0.008704
v 0.041120 -0.228144 0.017035
v -0.094664 -0.225428 0.049643
v 0.148680 -0.416956 0.535615
v -0.004576 -0.356537 0.179820
v 0.073572 -0.356537 0.146135
v 0.226919 -0.416956 0.501890
v -0.104876 -0.213471 0.068642
v -0.076242 -0.228144 0.067623
v -0.081391 -0.210148 0.092058
v -0.094664 -0.225428 0.049643
v 0.061522 -0.213471 -0.003083
v 0.041120 -0.228144 0.017035
v 0.040697 -0.225428 -0.008704
v 0.062419 -0.210148 0.030069
v -0.048861 -0.211097 0.076832
v 0.041120 -0.228144 0.017035
v 0.029014 -0.211097 0.043264
v 0.051564 -0.197713 0.050102
v -0.076242 -0.228144 0.067623
v 0.062419 -0.210148 0.030069
v -0.059369 -0.197713 0.097919
v 0.091225 -0.109287 0.142115
v -0.081391 -0.210148 0.092058
v 0.113243 -0.096841 0.147977
v -0.019708 -0.109287 0.189932
v 0.108212 -0.078588 0.172685
v -0.030567 -0.096841 0.209966
v 0.080831 -0.095635 0.163477
v -0.009149 -0.078588 0.223273
v 0.002957 -0.095635 0.197044
v -0.064137 -0.032624 -0.265046
v -0.208955 -0.032624 -0.202622
v -0.038406 -0.086846 -0.205353
v -0.183225 -0.086846 -0.142929
v -0.130737 -0.086846 -0.021161
v 0.014081 -0.086846 -0.083585
v -0.106037 -0.086846 0.036143
v 0.038782 -0.086846 -0.026280
v -0.183225 -0.086846 -0.142929
v -0.198835 -0.075474 -0.136201
v -0.130737 -0.086846 -0.021161
v -0.146347 -0.075474 -0.014432
v -0.126358 -0.075474 0.031942
v -0.106037 -0.086846 0.036143
v -0.038406 -0.086846 -0.205353
v -0.022887 -0.075474 -0.212042
v 0.029600 -0.075474 -0.090274
v 0.014081 -0.086846 -0.083585
v 0.049590 -0.075474 -0.043900
v 0.038782 -0.086846 -0.026280
v -0.090598 0.050954 0.071959
v -0.109098 0.058726 0.071982
v -0.084833 0.082595 0.128277
v -0.064276 0.078434 0.133025
v 0.054220 0.050954 0.009535
v 0.066849 0.058726 -0.003859
v 0.091115 0.082595 0.052436
v 0.080543 0.078434 0.070602
v -0.090598 0.050954 0.071959
v 0.054220 0.050954 0.009535
v -0.064276 0.078434 0.133025
v 0.080543 0.078434 0.070602
v -0.032175 0.591022 -0.183322
v 0.030274 0.600242 -0.088711
v 0.010340 0.591022 -0.084689
v -0.017542 0.600242 -0.199641
v 0.051806 0.513162 -0.038757
v 0.031200 0.506782 -0.036297
v 0.044183 0.487082 -0.006177
v 0.066571 0.490522 -0.004504
v -0.145674 0.600242 -0.012870
v -0.193490 0.600242 -0.123800
v -0.171578 0.591022 -0.123233
v -0.129063 0.591022 -0.024600
v -0.124141 0.513162 0.037084
v -0.108203 0.506782 0.023792
v -0.095220 0.487082 0.053912
v -0.109376 0.490522 0.071338
v -0.129063 0.591022 -0.024600
v -0.171578 0.591022 -0.123233
v 0.010340 0.591022 -0.084689
v -0.032175 0.591022 -0.183322
v 0.031200 0.506782 -0.036297
v -0.108203 0.506782 0.023792
v 0.044183 0.487082 -0.006177
v -0.095220 0.487082 0.053912
v 0.039281 0.827762 0.281565
v 0.226918 0.857972 0.501890
v 0.148680 0.857972 0.535615
v 0.117428 0.827762 0.247880
v -0.016344 0.976012 0.197737
v 0.148680 1.053992 0.535615
v -0.004576 0.993572 0.179820
v 0.132334 1.034652 0.542660
v -0.048861 0.848132 0.076832
v -0.059370 0.834742 0.097919
v -0.016343 -0.338982 0.197737
v 0.148680 -0.416956 0.535615
v 0.132334 -0.397621 0.542660
v -0.004576 -0.356537 0.179820
v -0.048861 -0.211097 0.076832
v -0.059369 -0.197713 0.097919
v -0.104876 0.850502 0.068642
v -0.030567 0.733872 0.209966
v -0.081391 0.847182 0.092058
v -0.038337 0.702222 0.223010
v -0.104876 -0.213471 0.068642
v -0.030567 -0.096841 0.209966
v -0.038337 -0.065188 0.223010
v -0.081391 -0.210148 0.092058
v -0.094664 0.862462 0.049643
v -0.153643 0.678162 -0.044494
v -0.104876 0.850502 0.068642
v -0.144696 0.685682 -0.066429
v -0.094664 -0.225428 0.049643
v -0.153643 -0.041124 -0.044494
v -0.144696 -0.048644 -0.066429
v -0.104876 -0.213471 0.068642
v -0.220090 0.653382 -0.185510
v -0.208956 0.664932 -0.202622
v -0.183225 0.719152 -0.142929
v -0.220090 -0.021074 -0.185510
v -0.208955 -0.032624 -0.202622
v -0.183225 -0.086846 -0.142929
v -0.220090 0.451126 -0.185510
v -0.193490 0.316154 -0.123800
v -0.193490 0.451126 -0.123800
v -0.221832 0.316154 -0.189553
v -0.220090 0.181182 -0.185510
v -0.193490 0.600242 -0.123800
v -0.193490 0.181182 -0.123800
v -0.220090 0.653382 -0.185510
v -0.198835 0.707782 -0.136201
v -0.146347 0.707782 -0.014432
v -0.193490 0.032071 -0.123800
v -0.220090 -0.021074 -0.185510
v -0.198835 -0.075474 -0.136201
v -0.146347 -0.075474 -0.014432
v -0.145674 0.600242 -0.012870
v -0.145674 0.032071 -0.012870
v -0.126358 0.646352 0.031942
v -0.126358 0.707782 0.031942
v -0.109099 0.573582 0.071982
v -0.124141 0.513162 0.037084
v -0.109376 0.490522 0.071338
v -0.084833 0.549712 0.128277
v -0.084833 0.432934 0.128277
v -0.109416 0.403339 0.071247
v -0.052890 0.316154 0.202382
v -0.129997 0.316154 0.023499
v -0.109416 0.228970 0.071247
v -0.084833 0.199374 0.128277
v -0.109376 0.141785 0.071338
v -0.084833 0.082595 0.128277
v -0.109098 0.058726 0.071982
v -0.124141 0.119149 0.037084
v -0.126358 -0.014045 0.031942
v -0.126358 -0.075474 0.031942
v -0.038337 -0.065188 0.223010
v -0.153643 -0.041124 -0.044494
v -0.104876 -0.213471 0.068642
v -0.097870 0.098347 0.084897
v -0.038337 0.702222 0.223010
v -0.153643 0.678162 -0.044494
v -0.097870 0.538682 0.084897
v -0.104876 0.850502 0.068642
v 0.018254 -0.208135 0.278000
v -0.059369 -0.197713 0.097919
v -0.016343 -0.338982 0.197737
v -0.019708 -0.109287 0.189932
v 0.132334 -0.397621 0.542660
v 0.132334 -0.239587 0.542660
v 0.018254 0.845172 0.278000
v -0.059370 0.834742 0.097919
v -0.019708 0.746322 0.189932
v -0.016344 0.976012 0.197737
v 0.132334 1.034652 0.542660
v 0.132334 0.876622 0.542660
v -0.038337 -0.065188 0.223010
v -0.075583 0.106062 0.093908
v -0.097870 0.098347 0.084897
v -0.017515 -0.053369 0.228624
v -0.038337 0.702222 0.223010
v -0.075583 0.530972 0.093908
v -0.017515 0.690402 0.228624
v -0.097870 0.538682 0.084897
v 0.132334 -0.239587 0.542660
v 0.039281 -0.190726 0.281565
v 0.018254 -0.208135 0.278000
v 0.148680 -0.220935 0.535615
v -0.019708 -0.109287 0.189932
v 0.002957 -0.095635 0.197044
v 0.132334 0.876622 0.542660
v 0.039281 0.827762 0.281565
v 0.148680 0.857972 0.535615
v 0.018254 0.845172 0.278000
v -0.019708 0.746322 0.189932
v 0.002956 0.732672 0.197044
v -0.315530 2.140002 -0.583764
v -0.298190 2.018561 -0.673887
v -0.345573 2.018561 -0.653462
v -0.268147 2.140002 -0.604189
v -0.334156 2.120612 -0.561039
v -0.345573 2.018561 -0.653462
v -0.360318 2.014802 -0.621734
v -0.315530 2.140002 -0.583764
v -0.298190 2.018561 -0.673887
v -0.268147 2.140002 -0.604189
v -0.238836 2.120612 -0.602126
v -0.264998 2.014802 -0.662821
v -0.298190 2.018561 -0.673887
v -0.281842 1.848292 -0.635962
v -0.345573 2.018561 -0.653462
v -0.329225 1.848292 -0.615537
v -0.298190 2.018561 -0.673887
v -0.250393 1.862522 -0.628939
v -0.281842 1.848292 -0.635962
v -0.264998 2.014802 -0.662821
v -0.345713 1.862522 -0.587852
v -0.360318 2.014802 -0.621734
v -0.345573 2.018561 -0.653462
v -0.329225 1.848292 -0.615537
v -0.162403 1.953632 -0.163336
v -0.118813 1.741412 -0.322929
v -0.213587 1.741412 -0.282078
v -0.067630 1.953632 -0.204188
v -0.232048 2.082191 -0.390091
v -0.159251 1.817982 -0.351558
v -0.206634 1.817982 -0.331134
v -0.184665 2.082191 -0.410515
v -0.213587 1.741412 -0.282078
v -0.113667 1.687692 -0.310991
v -0.208440 1.687692 -0.270139
v -0.118813 1.741412 -0.322929
v -0.184665 2.082191 -0.410515
v -0.127763 1.831662 -0.344444
v -0.159251 1.817982 -0.351558
v -0.154285 2.107791 -0.405973
v -0.223083 1.831662 -0.303357
v -0.249605 2.107791 -0.364886
v -0.232048 2.082191 -0.390091
v -0.206634 1.817982 -0.331134
v 0.074619 0.984392 0.332979
v 0.002377 1.415672 0.165383
v 0.058210 1.415672 0.141317
v 0.130452 0.984392 0.308913
v 0.133438 0.790492 0.506577
v 0.109937 1.101012 0.531628
v 0.109937 0.814262 0.531628
v 0.133438 1.124782 0.506577
v 0.095238 0.957642 0.417955
v 0.077161 0.957642 0.455589
v 0.216364 0.790492 0.470832
v 0.250622 0.814262 0.470986
v 0.178164 0.957642 0.382210
v 0.217846 0.957642 0.394948
v 0.250622 1.101012 0.470986
v 0.216364 1.124782 0.470832
v 0.003052 1.527972 0.167709
v 0.066267 1.789192 0.314364
v 0.122744 1.789192 0.290019
v 0.059529 1.527972 0.143365
v 0.174186 1.314172 0.413659
v 0.248522 1.082412 0.535589
v 0.223110 1.082872 0.527160
v 0.198094 1.325232 0.418599
v 0.120742 1.314172 0.436696
v 0.158345 1.082412 0.574459
v 0.107917 1.325232 0.457469
v 0.169666 1.082872 0.550197
v 0.169666 1.082872 0.550197
v 0.120742 1.314172 0.436696
v 0.174186 1.314172 0.413659
v 0.223110 1.082872 0.527160
v 0.166326 1.647722 0.391126
v 0.190196 1.464992 0.446504
v 0.109848 1.647722 0.415471
v 0.133719 1.464992 0.470848
v 0.216364 0.790492 0.470832
v 0.133438 0.790492 0.506577
v 0.095238 0.957642 0.417955
v 0.178164 0.957642 0.382210
v 0.133438 1.124782 0.506577
v 0.216364 1.124782 0.470832
v -0.201447 2.174911 -0.449449
v -0.268147 2.140002 -0.604189
v -0.248830 2.174911 -0.429025
v -0.315530 2.140002 -0.583764
v -0.334156 2.120612 -0.561039
v -0.273988 2.152092 -0.421454
v -0.248830 2.174911 -0.429025
v -0.315530 2.140002 -0.583764
v -0.201447 2.174911 -0.449449
v -0.238836 2.120612 -0.602126
v -0.268147 2.140002 -0.604189
v -0.178668 2.152092 -0.462541
v -0.220095 1.911762 -0.362361
v -0.242455 1.872452 -0.544587
v -0.289839 1.872452 -0.524162
v -0.172711 1.911762 -0.382785
v -0.067630 1.953632 -0.204188
v -0.162403 1.953632 -0.163336
v -0.141149 1.966672 -0.114026
v -0.046375 1.966672 -0.154878
v -0.242455 1.872452 -0.544587
v -0.172711 1.911762 -0.382785
v -0.155076 1.885522 -0.407808
v -0.224784 1.846222 -0.569526
v -0.250396 1.885522 -0.366721
v -0.289839 1.872452 -0.524162
v -0.320104 1.846222 -0.528439
v -0.220095 1.911762 -0.362361
v -0.189139 2.098252 -0.290547
v -0.201447 2.174911 -0.449449
v -0.248830 2.174911 -0.429025
v -0.141756 2.098252 -0.310971
v 0.141951 1.784662 0.489947
v 0.122744 1.789192 0.290019
v 0.066267 1.789192 0.314364
v 0.198428 1.784662 0.465603
v -0.220510 2.083412 -0.297387
v -0.248830 2.174911 -0.429025
v -0.273988 2.152092 -0.421454
v -0.189139 2.098252 -0.290547
v -0.201447 2.174911 -0.449449
v -0.141756 2.098252 -0.310971
v -0.125190 2.083412 -0.338475
v -0.178668 2.152092 -0.462541
v -0.093964 1.894022 -0.004561
v 0.000809 1.894022 -0.045412
v -0.141149 1.966672 -0.114026
v -0.046375 1.966672 -0.154878
v 0.115370 1.553482 0.273923
v -0.039481 1.831142 -0.085321
v 0.059537 1.553482 0.297990
v -0.095314 1.831142 -0.061254
v -0.173384 1.934461 -0.253995
v -0.118323 1.847002 -0.126258
v -0.070940 1.847002 -0.146682
v -0.126001 1.934461 -0.274420
v -0.126001 1.934461 -0.274420
v -0.070940 1.847002 -0.146682
v -0.057977 1.839862 -0.182544
v -0.109634 1.921332 -0.302386
v -0.153297 1.839862 -0.141457
v -0.173384 1.934461 -0.253995
v -0.204954 1.921332 -0.261298
v -0.118323 1.847002 -0.126258
v 0.175486 1.101012 0.683698
v 0.209835 1.124782 0.683813
v 0.109937 1.101012 0.531628
v 0.133438 1.124782 0.506577
v 0.316171 1.101012 0.623056
v 0.292761 1.124782 0.648068
v 0.250622 1.101012 0.470986
v 0.216364 1.124782 0.470832
v 0.190196 1.464992 0.446504
v 0.108018 1.324312 0.255857
v 0.133719 1.464992 0.470848
v 0.051541 1.324312 0.280201
v 0.133438 1.124782 0.506577
v 0.292761 1.124782 0.648068
v 0.216364 1.124782 0.470832
v 0.209835 1.124782 0.683813
v 0.244544 1.419292 0.572588
v 0.209986 1.761142 0.442650
v 0.198428 1.784662 0.465603
v 0.251351 1.426642 0.538615
v 0.244544 1.419292 0.572588
v 0.151404 1.238682 0.306744
v 0.251351 1.426642 0.538615
v 0.129750 1.199992 0.306274
v 0.122744 1.789192 0.290019
v 0.198428 1.784662 0.465603
v 0.209986 1.761142 0.442650
v 0.145742 1.764982 0.293607
v 0.114789 1.508082 0.221800
v 0.151522 1.673602 0.307017
v 0.138421 1.649392 0.326389
v 0.099982 1.477342 0.237213
v 0.200911 1.020982 0.472375
v 0.130752 1.535032 0.245186
v 0.115370 1.553482 0.273923
v 0.211543 1.012902 0.432616
v -0.039481 1.831142 -0.085321
v -0.020656 1.804211 -0.106072
v 0.250622 1.101012 0.470986
v 0.316171 1.101012 0.623056
v 0.299784 1.029322 0.585041
v 0.267008 1.029322 0.509002
v 0.316171 0.957642 0.623056
v 0.250622 0.957642 0.470986
v 0.348908 0.957642 0.699004
v 0.217846 0.957642 0.394948
v 0.316171 0.814262 0.623056
v 0.250622 0.814262 0.470986
v 0.299784 0.885952 0.585041
v 0.267008 0.885952 0.509002
v 0.250622 0.957642 0.470986
v 0.258544 0.902722 0.523210
v 0.267008 0.885952 0.509002
v 0.299784 0.885952 0.585041
v 0.245996 0.957642 0.494099
v 0.283640 0.902722 0.581432
v 0.258544 1.012552 0.523210
v 0.316171 0.957642 0.623056
v 0.267008 1.029322 0.509002
v 0.296188 0.957642 0.610543
v 0.283640 1.012552 0.581432
v 0.299784 1.029322 0.585041
v 0.165071 0.987862 0.324804
v 0.058210 1.415672 0.141317
v 0.089426 1.433832 0.149312
v 0.130452 0.984392 0.308913
v -0.034113 1.708142 -0.137291
v -0.066912 1.689741 -0.148958
v 0.005861 1.833142 -0.065012
v -0.095949 1.748562 -0.301206
v -0.053476 1.924502 -0.202670
v -0.032139 1.937592 -0.153171
v 0.000676 1.887042 -0.077042
v -0.036573 1.657202 -0.163457
v -0.090764 1.694661 -0.289176
v -0.057909 1.644122 -0.212956
v 0.258544 0.902722 0.523210
v 0.258544 1.012552 0.523210
v 0.283640 1.012552 0.581432
v 0.245996 0.957642 0.494099
v 0.283640 0.902722 0.581432
v 0.296188 0.957642 0.610543
v -0.113667 1.687692 -0.310991
v -0.057909 1.644122 -0.212956
v -0.066483 1.615032 -0.201525
v -0.036573 1.657202 -0.163457
v -0.090764 1.694661 -0.289176
v -0.045225 1.628072 -0.152208
v -0.095949 1.748562 -0.301206
v 0.005861 1.833142 -0.065012
v -0.118813 1.741412 -0.322929
v 0.005994 1.840302 -0.033383
v -0.067630 1.953632 -0.204188
v 0.000676 1.887042 -0.077042
v -0.053476 1.924502 -0.202670
v 0.000809 1.894022 -0.045412
v -0.046375 1.966672 -0.154878
v -0.032139 1.937592 -0.153171
v 0.211543 1.012902 0.432616
v 0.089426 1.433832 0.149312
v 0.130752 1.535032 0.245186
v 0.165071 0.987862 0.324804
v -0.034113 1.708142 -0.137291
v -0.020656 1.804211 -0.106072
v -0.224784 1.846222 -0.569526
v -0.264998 2.014802 -0.662821
v -0.245287 2.059361 -0.617091
v -0.238836 2.120612 -0.602126
v -0.250393 1.862522 -0.628939
v -0.178668 2.152092 -0.462541
v -0.208156 1.801662 -0.530950
v -0.155076 1.885522 -0.407808
v -0.150087 1.833802 -0.396234
v -0.154285 2.107791 -0.405973
v -0.125190 2.083412 -0.338475
v -0.109634 1.921332 -0.302386
v -0.127763 1.831662 -0.344444
v -0.057977 1.839862 -0.182544
v -0.073415 1.761122 -0.218360
v 0.137748 1.316852 0.275061
v 0.220082 1.457822 0.466072
v 0.151404 1.238682 0.306744
v 0.251351 1.426642 0.538615
v 0.190474 1.671272 0.397383
v 0.209986 1.761142 0.442650
v 0.145742 1.764982 0.293607
v 0.151522 1.673602 0.307017
v 0.091554 1.537192 0.167894
v 0.114789 1.508082 0.221800
v 0.248522 1.082412 0.535589
v 0.223625 1.376112 0.477829
v 0.281021 1.080292 0.610983
v 0.198094 1.325232 0.418599
v -0.093898 1.729902 -0.199943
v -0.127763 1.831662 -0.344444
v -0.073415 1.761122 -0.218360
v 0.122744 1.789192 0.290019
v 0.091554 1.537192 0.167894
v 0.059529 1.527972 0.143365
v 0.145742 1.764982 0.293607
v 0.151522 1.673602 0.307017
v 0.166326 1.647722 0.391126
v 0.138421 1.649392 0.326389
v 0.190474 1.671272 0.397383
v 0.190196 1.464992 0.446504
v 0.137748 1.316852 0.275061
v 0.108018 1.324312 0.255857
v 0.220082 1.457822 0.466072
v 0.220082 1.457822 0.466072
v 0.166326 1.647722 0.391126
v 0.190474 1.671272 0.397383
v 0.190196 1.464992 0.446504
v 0.188067 1.419292 0.596932
v 0.198428 1.784662 0.465603
v 0.141951 1.784662 0.489947
v 0.244544 1.419292 0.572588
v 0.269739 1.079832 0.635336
v 0.157357 1.387162 0.521639
v 0.216295 1.079832 0.658373
v 0.210800 1.387162 0.498603
v 0.133448 1.376112 0.516700
v 0.190843 1.080292 0.649853
v 0.216295 1.079832 0.658373
v 0.157357 1.387162 0.521639
v 0.269739 1.079832 0.635336
v 0.223625 1.376112 0.477829
v 0.210800 1.387162 0.498603
v 0.281021 1.080292 0.610983
v 0.059537 1.553482 0.297990
v 0.145079 1.020982 0.496441
v 0.200911 1.020982 0.472375
v 0.115370 1.553482 0.273923
v 0.099982 1.477342 0.237213
v 0.081944 1.649392 0.350733
v 0.043505 1.477342 0.261558
v 0.138421 1.649392 0.326389
v 0.175486 0.814262 0.683698
v 0.248032 0.957642 0.772428
v 0.208223 0.957642 0.759646
v 0.175486 1.101012 0.683698
v 0.209835 0.790492 0.683813
v 0.209835 1.124782 0.683813
v 0.330958 0.957642 0.736683
v 0.292761 0.790492 0.648068
v 0.316171 0.814262 0.623056
v 0.348908 0.957642 0.699004
v 0.316171 1.101012 0.623056
v 0.292761 1.124782 0.648068
v 0.000809 1.894022 -0.045412
v -0.093964 1.894022 -0.004561
v -0.088779 1.840302 0.007469
v 0.005994 1.840302 -0.033383
v -0.220510 2.083412 -0.297387
v -0.204954 1.921332 -0.261298
v -0.173384 1.934461 -0.253995
v -0.189139 2.098252 -0.290547
v -0.126001 1.934461 -0.274420
v -0.125190 2.083412 -0.338475
v -0.141756 2.098252 -0.310971
v -0.109634 1.921332 -0.302386
v -0.045225 1.628072 -0.152208
v 0.005994 1.840302 -0.033383
v -0.139998 1.628072 -0.111357
v -0.088779 1.840302 0.007469
v -0.126001 1.934461 -0.274420
v -0.141756 2.098252 -0.310971
v -0.173384 1.934461 -0.253995
v -0.189139 2.098252 -0.290547
v -0.163685 1.817812 -0.361843
v -0.155076 1.885522 -0.407808
v -0.172711 1.911762 -0.382785
v -0.150087 1.833802 -0.396234
v -0.211068 1.817812 -0.341419
v -0.220095 1.911762 -0.362361
v -0.250396 1.885522 -0.366721
v -0.245407 1.833802 -0.355147
v -0.211068 1.817812 -0.341419
v -0.172711 1.911762 -0.382785
v -0.220095 1.911762 -0.362361
v -0.163685 1.817812 -0.361843
v -0.340606 2.059361 -0.576004
v -0.320104 1.846222 -0.528439
v -0.289839 1.872452 -0.524162
v -0.306189 2.042722 -0.562094
v -0.242455 1.872452 -0.544587
v -0.245287 2.059361 -0.617091
v -0.258806 2.042722 -0.582518
v -0.224784 1.846222 -0.569526
v 0.292761 0.790492 0.648068
v 0.209835 0.790492 0.683813
v 0.330958 0.957642 0.736683
v 0.248032 0.957642 0.772428
v 0.292761 1.124782 0.648068
v 0.209835 1.124782 0.683813
v -0.289839 1.872452 -0.524162
v -0.258806 2.042722 -0.582518
v -0.306189 2.042722 -0.562094
v -0.242455 1.872452 -0.544587
v 0.073273 1.199992 0.330618
v 0.244544 1.419292 0.572588
v 0.188067 1.419292 0.596932
v 0.129750 1.199992 0.306274
v -0.281842 1.848292 -0.635962
v -0.233432 1.778512 -0.523652
v -0.329225 1.848292 -0.615537
v -0.280815 1.778512 -0.503228
v -0.345713 1.862522 -0.587852
v -0.280815 1.778512 -0.503228
v -0.303475 1.801662 -0.489863
v -0.329225 1.848292 -0.615537
v -0.233432 1.778512 -0.523652
v -0.281842 1.848292 -0.635962
v -0.250393 1.862522 -0.628939
v -0.208156 1.801662 -0.530950
v -0.161256 1.615032 -0.160674
v -0.208440 1.687692 -0.270139
v -0.113667 1.687692 -0.310991
v -0.066483 1.615032 -0.201525
v 0.002377 1.415672 0.165383
v 0.058210 1.415672 0.141317
v -0.122744 1.689741 -0.124892
v -0.066912 1.689741 -0.148958
v 0.175486 0.814262 0.683698
v 0.209835 0.790492 0.683813
v 0.133438 0.790492 0.506577
v 0.109937 0.814262 0.531628
v 0.292761 0.790492 0.648068
v 0.316171 0.814262 0.623056
v 0.216364 0.790492 0.470832
v 0.250622 0.814262 0.470986
v -0.093898 1.729902 -0.199943
v -0.159251 1.817982 -0.351558
v -0.127763 1.831662 -0.344444
v -0.223083 1.831662 -0.303357
v -0.141281 1.729902 -0.179519
v -0.206634 1.817982 -0.331134
v -0.141281 1.729902 -0.179519
v -0.206634 1.817982 -0.331134
v -0.159251 1.817982 -0.351558
v -0.093898 1.729902 -0.199943
v 0.109848 1.647722 0.415471
v 0.081944 1.649392 0.350733
v 0.166326 1.647722 0.391126
v 0.138421 1.649392 0.326389
v -0.045225 1.628072 -0.152208
v -0.139998 1.628072 -0.111357
v -0.161256 1.615032 -0.160674
v -0.066483 1.615032 -0.201525
v -0.233432 1.778512 -0.523652
v -0.150087 1.833802 -0.396234
v -0.163685 1.817812 -0.361843
v -0.208156 1.801662 -0.530950
v -0.245407 1.833802 -0.355147
v -0.303475 1.801662 -0.489863
v -0.280815 1.778512 -0.503228
v -0.211068 1.817812 -0.341419
v -0.233432 1.778512 -0.523652
v -0.163685 1.817812 -0.361843
v -0.280815 1.778512 -0.503228
v -0.211068 1.817812 -0.341419
v -0.154285 2.107791 -0.405973
v -0.258806 2.042722 -0.582518
v -0.245287 2.059361 -0.617091
v -0.184665 2.082191 -0.410515
v -0.249605 2.107791 -0.364886
v -0.340606 2.059361 -0.576004
v -0.306189 2.042722 -0.562094
v -0.232048 2.082191 -0.390091
v 0.216364 0.790492 0.470832
v 0.292761 0.790492 0.648068
v 0.133438 0.790492 0.506577
v 0.209835 0.790492 0.683813
v -0.306189 2.042722 -0.562094
v -0.184665 2.082191 -0.410515
v -0.232048 2.082191 -0.390091
v -0.258806 2.042722 -0.582518
v 0.188067 1.419292 0.596932
v 0.141951 1.784662 0.489947
v 0.117329 1.761142 0.482590
v 0.158694 1.426642 0.578554
v 0.188067 1.419292 0.596932
v 0.058747 1.238682 0.346683
v 0.073273 1.199992 0.330618
v 0.158694 1.426642 0.578554
v 0.066267 1.789192 0.314364
v 0.117329 1.761142 0.482590
v 0.141951 1.784662 0.489947
v 0.053084 1.764982 0.333546
v 0.081944 1.649392 0.350733
v 0.022132 1.508082 0.261740
v 0.043505 1.477342 0.261558
v 0.058864 1.673602 0.346956
v 0.145079 1.020982 0.496441
v 0.028083 1.535032 0.289441
v 0.108874 1.012902 0.476871
v 0.059537 1.553482 0.297990
v -0.095314 1.831142 -0.061254
v -0.123325 1.804212 -0.061817
v 0.109937 1.101012 0.531628
v 0.077161 0.957642 0.455589
v 0.109937 0.957642 0.531628
v 0.109937 0.814262 0.531628
v 0.126323 1.029322 0.569644
v 0.126323 0.885952 0.569644
v 0.175486 1.101012 0.683698
v 0.159099 0.885952 0.645682
v 0.159099 1.029322 0.645682
v 0.175486 0.814262 0.683698
v 0.175486 0.957642 0.683698
v 0.208223 0.957642 0.759646
v 0.175486 0.957642 0.683698
v 0.159099 1.029322 0.645682
v 0.167564 1.012552 0.631466
v 0.180113 0.957642 0.660577
v 0.142468 1.012552 0.573244
v 0.167564 0.902722 0.631466
v 0.126323 1.029322 0.569644
v 0.159099 0.885952 0.645682
v 0.109937 0.957642 0.531628
v 0.126323 0.885952 0.569644
v 0.129920 0.957642 0.544133
v 0.142468 0.902722 0.573244
v 0.062402 0.987862 0.369059
v 0.002377 1.415672 0.165383
v 0.074619 0.984392 0.332979
v -0.013243 1.433832 0.193567
v -0.136783 1.708142 -0.093036
v -0.122744 1.689741 -0.124892
v -0.154116 1.657202 -0.112790
v -0.208307 1.694661 -0.238510
v -0.175453 1.644122 -0.162289
v -0.213493 1.748562 -0.250539
v -0.111682 1.833142 -0.014345
v -0.171019 1.924502 -0.152004
v -0.149683 1.937592 -0.102505
v -0.116868 1.887042 -0.026375
v 0.142468 1.012552 0.573244
v 0.142468 0.902722 0.573244
v 0.167564 1.012552 0.631466
v 0.129920 0.957642 0.544133
v 0.167564 0.902722 0.631466
v 0.180113 0.957642 0.660577
v -0.139998 1.628072 -0.111357
v -0.088779 1.840302 0.007469
v -0.111682 1.833142 -0.014345
v -0.116868 1.887042 -0.026375
v -0.154116 1.657202 -0.112790
v -0.093964 1.894022 -0.004561
v -0.161256 1.615032 -0.160674
v -0.149683 1.937592 -0.102505
v -0.175453 1.644122 -0.162289
v -0.141149 1.966672 -0.114026
v -0.208440 1.687692 -0.270139
v -0.171019 1.924502 -0.152004
v -0.208307 1.694661 -0.238510
v -0.162403 1.953632 -0.163336
v -0.213493 1.748562 -0.250539
v -0.213587 1.741412 -0.282078
v -0.136783 1.708142 -0.093036
v 0.028083 1.535032 0.289441
v -0.123325 1.804212 -0.061817
v -0.013243 1.433832 0.193567
v 0.108874 1.012902 0.476871
v 0.062402 0.987862 0.369059
v -0.340606 2.059361 -0.576004
v -0.249605 2.107791 -0.364886
v -0.273988 2.152092 -0.421454
v -0.220510 2.083412 -0.297387
v -0.334156 2.120612 -0.561039
v -0.204954 1.921332 -0.261298
v -0.360318 2.014802 -0.621734
v -0.223083 1.831662 -0.303357
v -0.153297 1.839862 -0.141457
v -0.168735 1.761122 -0.177273
v -0.320104 1.846222 -0.528439
v -0.345713 1.862522 -0.587852
v -0.303475 1.801662 -0.489863
v -0.250396 1.885522 -0.366721
v -0.245407 1.833802 -0.355147
v 0.117329 1.761142 0.482590
v 0.053084 1.764982 0.333546
v 0.097816 1.671272 0.437323
v 0.158694 1.426642 0.578554
v 0.058864 1.673602 0.346956
v -0.001104 1.537192 0.207834
v 0.022132 1.508082 0.261740
v 0.127425 1.457822 0.506012
v 0.058747 1.238682 0.346683
v 0.045090 1.316852 0.315001
v 0.158345 1.082412 0.574459
v 0.133448 1.376112 0.516700
v 0.107917 1.325232 0.457469
v 0.190843 1.080292 0.649853
v -0.223083 1.831662 -0.303357
v -0.141281 1.729902 -0.179519
v -0.168735 1.761122 -0.177273
v -0.001104 1.537192 0.207834
v 0.053084 1.764982 0.333546
v 0.066267 1.789192 0.314364
v 0.003052 1.527972 0.167709
v 0.058864 1.673602 0.346956
v 0.109848 1.647722 0.415471
v 0.097816 1.671272 0.437323
v 0.081944 1.649392 0.350733
v 0.045090 1.316852 0.315001
v 0.127425 1.457822 0.506012
v 0.133719 1.464992 0.470848
v 0.051541 1.324312 0.280201
v 0.127425 1.457822 0.506012
v 0.097816 1.671272 0.437323
v 0.109848 1.647722 0.415471
v 0.133719 1.464992 0.470848
v -0.298189 -1.368836 -0.673887
v -0.268146 -1.490276 -0.604189
v -0.345573 -1.368836 -0.653462
v -0.315530 -1.490276 -0.583764
v -0.298189 -1.368836 -0.673887
v -0.238836 -1.470887 -0.602126
v -0.268146 -1.490276 -0.604189
v -0.264998 -1.365074 -0.662821
v -0.334155 -1.470887 -0.561039
v -0.360318 -1.365074 -0.621734
v -0.345573 -1.368836 -0.653462
v -0.315530 -1.490276 -0.583764
v -0.329225 -1.198566 -0.615538
v -0.298189 -1.368836 -0.673887
v -0.345573 -1.368836 -0.653462
v -0.281842 -1.198566 -0.635962
v -0.345713 -1.212794 -0.587852
v -0.345573 -1.368836 -0.653462
v -0.360318 -1.365074 -0.621734
v -0.329225 -1.198566 -0.615538
v -0.298189 -1.368836 -0.673887
v -0.281842 -1.198566 -0.635962
v -0.250393 -1.212794 -0.628939
v -0.264998 -1.365074 -0.662821
v -0.118813 -1.091678 -0.322929
v -0.067630 -1.303905 -0.204188
v -0.213586 -1.091678 -0.282078
v -0.162403 -1.303905 -0.163336
v -0.159251 -1.168251 -0.351558
v -0.184664 -1.432463 -0.410516
v -0.206634 -1.168251 -0.331134
v -0.232047 -1.432463 -0.390091
v -0.118813 -1.091678 -0.322929
v -0.213586 -1.091678 -0.282078
v -0.208440 -1.037959 -0.270139
v -0.113667 -1.037959 -0.310991
v -0.223083 -1.181931 -0.303357
v -0.232047 -1.432463 -0.390091
v -0.249604 -1.458065 -0.364886
v -0.206634 -1.168251 -0.331134
v -0.184664 -1.432463 -0.410516
v -0.159251 -1.168251 -0.351558
v -0.127763 -1.181931 -0.344444
v -0.154285 -1.458065 -0.405973
v 0.130452 -0.334663 0.308913
v 0.002378 -0.765946 0.165383
v 0.074619 -0.334663 0.332979
v 0.058210 -0.765946 0.141317
v 0.216364 -0.140761 0.470832
v 0.250622 -0.164537 0.470986
v 0.178164 -0.307909 0.382210
v 0.217846 -0.307909 0.394948
v 0.250622 -0.451281 0.470986
v 0.216364 -0.475057 0.470832
v 0.133438 -0.140761 0.506577
v 0.109937 -0.451281 0.531628
v 0.109937 -0.164537 0.531628
v 0.133438 -0.475057 0.506577
v 0.095238 -0.307909 0.417955
v 0.077161 -0.307909 0.455589
v 0.059529 -0.878244 0.143365
v 0.066267 -1.139464 0.314364
v 0.003052 -0.878244 0.167709
v 0.122744 -1.139464 0.290019
v 0.158345 -0.432685 0.574459
v 0.120742 -0.664447 0.436696
v 0.107917 -0.675500 0.457469
v 0.169666 -0.433146 0.550197
v 0.174186 -0.664447 0.413659
v 0.223110 -0.433146 0.527160
v 0.248522 -0.432685 0.535588
v 0.198094 -0.675500 0.418599
v 0.120742 -0.664447 0.436696
v 0.169666 -0.433146 0.550197
v 0.223110 -0.433146 0.527160
v 0.174186 -0.664447 0.413659
v 0.133719 -0.815259 0.470848
v 0.166326 -0.997994 0.391126
v 0.109849 -0.997994 0.415471
v 0.190196 -0.815259 0.446503
v 0.216364 -0.140761 0.470832
v 0.133438 -0.140761 0.506577
v 0.178164 -0.307909 0.382210
v 0.095238 -0.307909 0.417955
v 0.216364 -0.475057 0.470832
v 0.133438 -0.475057 0.506577
v 0.244544 -0.769565 0.572587
v 0.129750 -0.550265 0.306274
v 0.188067 -0.769565 0.596932
v 0.073273 -0.550265 0.330618
v -0.280815 -1.128782 -0.503228
v -0.281842 -1.198566 -0.635962
v -0.329225 -1.198566 -0.615538
v -0.233431 -1.128782 -0.523652
v -0.233431 -1.128782 -0.523652
v -0.250393 -1.212794 -0.628939
v -0.281842 -1.198566 -0.635962
v -0.208155 -1.151930 -0.530950
v -0.345713 -1.212794 -0.587852
v -0.303475 -1.151930 -0.489863
v -0.280815 -1.128782 -0.503228
v -0.329225 -1.198566 -0.615538
v -0.161256 -0.965304 -0.160674
v -0.066482 -0.965304 -0.201525
v -0.208440 -1.037959 -0.270139
v -0.113667 -1.037959 -0.310991
v 0.002378 -0.765946 0.165383
v 0.058210 -0.765946 0.141317
v -0.066912 -1.040012 -0.148959
v -0.122744 -1.040012 -0.124892
v 0.316171 -0.164537 0.623056
v 0.292761 -0.140761 0.648068
v 0.216364 -0.140761 0.470832
v 0.250622 -0.164537 0.470986
v 0.175486 -0.164537 0.683698
v 0.209835 -0.140761 0.683813
v 0.133438 -0.140761 0.506577
v 0.109937 -0.164537 0.531628
v -0.223083 -1.181931 -0.303357
v -0.141281 -1.080171 -0.179519
v -0.206634 -1.168251 -0.331134
v -0.093898 -1.080171 -0.199943
v -0.127763 -1.181931 -0.344444
v -0.159251 -1.168251 -0.351558
v -0.206634 -1.168251 -0.331134
v -0.141281 -1.080171 -0.179519
v -0.093898 -1.080171 -0.199943
v -0.159251 -1.168251 -0.351558
v 0.109849 -0.997994 0.415471
v 0.138421 -0.999663 0.326389
v 0.081944 -0.999663 0.350733
v 0.166326 -0.997994 0.391126
v -0.139998 -0.978343 -0.111357
v -0.066482 -0.965304 -0.201525
v -0.161256 -0.965304 -0.160674
v -0.045225 -0.978343 -0.152209
v -0.245407 -1.184074 -0.355147
v -0.280815 -1.128782 -0.503228
v -0.303475 -1.151930 -0.489863
v -0.211068 -1.168087 -0.341419
v -0.233431 -1.128782 -0.523652
v -0.163684 -1.168087 -0.361843
v -0.150087 -1.184074 -0.396234
v -0.208155 -1.151930 -0.530950
v -0.211068 -1.168087 -0.341419
v -0.233431 -1.128782 -0.523652
v -0.280815 -1.128782 -0.503228
v -0.163684 -1.168087 -0.361843
v -0.249604 -1.458065 -0.364886
v -0.306189 -1.392994 -0.562094
v -0.340606 -1.409634 -0.576004
v -0.232047 -1.432463 -0.390091
v -0.258805 -1.392994 -0.582518
v -0.184664 -1.432463 -0.410516
v -0.154285 -1.458065 -0.405973
v -0.245286 -1.409634 -0.617091
v 0.209835 -0.140761 0.683813
v 0.216364 -0.140761 0.470832
v 0.133438 -0.140761 0.506577
v 0.292761 -0.140761 0.648068
v -0.184664 -1.432463 -0.410516
v -0.258805 -1.392994 -0.582518
v -0.232047 -1.432463 -0.390091
v -0.306189 -1.392994 -0.562094
v 0.244544 -0.769565 0.572587
v 0.198428 -1.134934 0.465602
v 0.209986 -1.111413 0.442650
v 0.251351 -0.776913 0.538614
v 0.244544 -0.769565 0.572587
v 0.151404 -0.588953 0.306743
v 0.129750 -0.550265 0.306274
v 0.251351 -0.776913 0.538614
v 0.122744 -1.139464 0.290019
v 0.209986 -1.111413 0.442650
v 0.198428 -1.134934 0.465602
v 0.145742 -1.115258 0.293607
v 0.138421 -0.999663 0.326389
v 0.114790 -0.858357 0.221800
v 0.099982 -0.827616 0.237213
v 0.151522 -1.023872 0.307017
v 0.200911 -0.371257 0.472375
v 0.130752 -0.885298 0.245186
v 0.211543 -0.363169 0.432616
v 0.115370 -0.903756 0.273923
v -0.039481 -1.181414 -0.085321
v -0.020656 -1.154481 -0.106072
v 0.250622 -0.451281 0.470986
v 0.217846 -0.307909 0.394948
v 0.250622 -0.307909 0.470986
v 0.250622 -0.164537 0.470986
v 0.267008 -0.379595 0.509002
v 0.267008 -0.236223 0.509002
v 0.316171 -0.451281 0.623056
v 0.299785 -0.236223 0.585041
v 0.299785 -0.379595 0.585041
v 0.316171 -0.164537 0.623056
v 0.316171 -0.307909 0.623056
v 0.348908 -0.307909 0.699004
v 0.316171 -0.307909 0.623056
v 0.299785 -0.379595 0.585041
v 0.283640 -0.362823 0.581432
v 0.296188 -0.307909 0.610543
v 0.258544 -0.362823 0.523210
v 0.283640 -0.252995 0.581432
v 0.267008 -0.379595 0.509002
v 0.299785 -0.236223 0.585041
v 0.250622 -0.307909 0.470986
v 0.267008 -0.236223 0.509002
v 0.245996 -0.307909 0.494099
v 0.258544 -0.252995 0.523210
v 0.165071 -0.338132 0.324804
v 0.058210 -0.765946 0.141317
v 0.130452 -0.334663 0.308913
v 0.089426 -0.784098 0.149312
v -0.034113 -1.058413 -0.137292
v -0.066912 -1.040012 -0.148959
v -0.036573 -1.007472 -0.163457
v -0.090764 -1.044935 -0.289176
v -0.057909 -0.994389 -0.212956
v -0.095949 -1.098832 -0.301206
v 0.005862 -1.183416 -0.065012
v -0.053476 -1.274777 -0.202671
v -0.032139 -1.287859 -0.153171
v 0.000676 -1.237313 -0.077042
v 0.258544 -0.362823 0.523210
v 0.258544 -0.252995 0.523210
v 0.283640 -0.362823 0.581432
v 0.245996 -0.307909 0.494099
v 0.283640 -0.252995 0.581432
v 0.296188 -0.307909 0.610543
v -0.045225 -0.978343 -0.152209
v 0.005995 -1.190571 -0.033383
v 0.005862 -1.183416 -0.065012
v 0.000676 -1.237313 -0.077042
v -0.036573 -1.007472 -0.163457
v 0.000809 -1.244289 -0.045413
v -0.066482 -0.965304 -0.201525
v -0.032139 -1.287859 -0.153171
v -0.057909 -0.994389 -0.212956
v -0.046375 -1.316944 -0.154878
v -0.113667 -1.037959 -0.310991
v -0.053476 -1.274777 -0.202671
v -0.090764 -1.044935 -0.289176
v -0.067630 -1.303905 -0.204188
v -0.095949 -1.098832 -0.301206
v -0.118813 -1.091678 -0.322929
v -0.034113 -1.058413 -0.137292
v 0.130752 -0.885298 0.245186
v -0.020656 -1.154481 -0.106072
v 0.089426 -0.784098 0.149312
v 0.211543 -0.363169 0.432616
v 0.165071 -0.338132 0.324804
v -0.245286 -1.409634 -0.617091
v -0.154285 -1.458065 -0.405973
v -0.178668 -1.502366 -0.462541
v -0.125190 -1.433686 -0.338475
v -0.238836 -1.470887 -0.602126
v -0.109634 -1.271605 -0.302386
v -0.264998 -1.365074 -0.662821
v -0.127763 -1.181931 -0.344444
v -0.057977 -1.190134 -0.182544
v -0.073415 -1.111390 -0.218360
v -0.224784 -1.196489 -0.569526
v -0.250393 -1.212794 -0.628939
v -0.208155 -1.151930 -0.530950
v -0.155076 -1.235794 -0.407808
v -0.150087 -1.184074 -0.396234
v 0.209986 -1.111413 0.442650
v 0.145742 -1.115258 0.293607
v 0.190474 -1.021543 0.397383
v 0.251351 -0.776913 0.538614
v 0.151522 -1.023872 0.307017
v 0.091554 -0.887465 0.167894
v 0.114790 -0.858357 0.221800
v 0.220082 -0.808091 0.466072
v 0.151404 -0.588953 0.306743
v 0.137748 -0.667127 0.275061
v 0.248522 -0.432685 0.535588
v 0.223625 -0.726385 0.477829
v 0.198094 -0.675500 0.418599
v 0.281021 -0.430564 0.610983
v -0.093898 -1.080171 -0.199943
v -0.127763 -1.181931 -0.344444
v -0.073415 -1.111390 -0.218360
v 0.091554 -0.887465 0.167894
v 0.145742 -1.115258 0.293607
v 0.122744 -1.139464 0.290019
v 0.059529 -0.878244 0.143365
v 0.151522 -1.023872 0.307017
v 0.166326 -0.997994 0.391126
v 0.190474 -1.021543 0.397383
v 0.138421 -0.999663 0.326389
v 0.137748 -0.667127 0.275061
v 0.220082 -0.808091 0.466072
v 0.190196 -0.815259 0.446503
v 0.108019 -0.674588 0.255857
v 0.220082 -0.808091 0.466072
v 0.190474 -1.021543 0.397383
v 0.166326 -0.997994 0.391126
v 0.190196 -0.815259 0.446503
v 0.198428 -1.134934 0.465602
v 0.244544 -0.769565 0.572587
v 0.141951 -1.134934 0.489947
v 0.188067 -0.769565 0.596932
v 0.216295 -0.430103 0.658373
v 0.157357 -0.737437 0.521639
v 0.210800 -0.737437 0.498603
v 0.269739 -0.430103 0.635336
v 0.269739 -0.430103 0.635336
v 0.210800 -0.737437 0.498603
v 0.223625 -0.726385 0.477829
v 0.281021 -0.430564 0.610983
v 0.133448 -0.726385 0.516700
v 0.216295 -0.430103 0.658373
v 0.190844 -0.430564 0.649853
v 0.157357 -0.737437 0.521639
v 0.145079 -0.371257 0.496441
v 0.059537 -0.903756 0.297990
v 0.115370 -0.903756 0.273923
v 0.200911 -0.371257 0.472375
v 0.043505 -0.827616 0.261558
v 0.081944 -0.999663 0.350733
v 0.138421 -0.999663 0.326389
v 0.099982 -0.827616 0.237213
v 0.330958 -0.307909 0.736683
v 0.316171 -0.164537 0.623056
v 0.292761 -0.140761 0.648068
v 0.348908 -0.307909 0.699004
v 0.316171 -0.451281 0.623056
v 0.292761 -0.475057 0.648068
v 0.175486 -0.164537 0.683698
v 0.208223 -0.307909 0.759646
v 0.248032 -0.307909 0.772428
v 0.175486 -0.451281 0.683698
v 0.209835 -0.140761 0.683813
v 0.209835 -0.475057 0.683813
v -0.093964 -1.244289 -0.004561
v 0.005995 -1.190571 -0.033383
v -0.088779 -1.190571 0.007469
v 0.000809 -1.244289 -0.045413
v -0.126001 -1.284732 -0.274420
v -0.141756 -1.448523 -0.310971
v -0.125190 -1.433686 -0.338475
v -0.109634 -1.271605 -0.302386
v -0.220510 -1.433686 -0.297388
v -0.173384 -1.284732 -0.253995
v -0.204954 -1.271605 -0.261298
v -0.189139 -1.448523 -0.290547
v -0.088779 -1.190571 0.007469
v -0.045225 -0.978343 -0.152209
v -0.139998 -0.978343 -0.111357
v 0.005995 -1.190571 -0.033383
v -0.189139 -1.448523 -0.290547
v -0.126001 -1.284732 -0.274420
v -0.173384 -1.284732 -0.253995
v -0.141756 -1.448523 -0.310971
v -0.211068 -1.168087 -0.341419
v -0.250396 -1.235794 -0.366721
v -0.220094 -1.262029 -0.362361
v -0.245407 -1.184074 -0.355147
v -0.163684 -1.168087 -0.361843
v -0.172711 -1.262029 -0.382785
v -0.155076 -1.235794 -0.407808
v -0.150087 -1.184074 -0.396234
v -0.172711 -1.262029 -0.382785
v -0.163684 -1.168087 -0.361843
v -0.220094 -1.262029 -0.362361
v -0.211068 -1.168087 -0.341419
v -0.242455 -1.222724 -0.544587
v -0.258805 -1.392994 -0.582518
v -0.245286 -1.409634 -0.617091
v -0.224784 -1.196489 -0.569526
v -0.340606 -1.409634 -0.576004
v -0.289838 -1.222724 -0.524162
v -0.320103 -1.196489 -0.528439
v -0.306189 -1.392994 -0.562094
v 0.209835 -0.140761 0.683813
v 0.292761 -0.140761 0.648068
v 0.248032 -0.307909 0.772428
v 0.330958 -0.307909 0.736683
v 0.209835 -0.475057 0.683813
v 0.292761 -0.475057 0.648068
v -0.258805 -1.392994 -0.582518
v -0.242455 -1.222724 -0.544587
v -0.306189 -1.392994 -0.562094
v -0.289838 -1.222724 -0.524162
v -0.315530 -1.490276 -0.583764
v -0.201447 -1.525184 -0.449449
v -0.248830 -1.525184 -0.429025
v -0.268146 -1.490276 -0.604189
v -0.201447 -1.525184 -0.449449
v -0.268146 -1.490276 -0.604189
v -0.238836 -1.470887 -0.602126
v -0.178668 -1.502366 -0.462541
v -0.334155 -1.470887 -0.561039
v -0.248830 -1.525184 -0.429025
v -0.273988 -1.502366 -0.421454
v -0.315530 -1.490276 -0.583764
v -0.242455 -1.222724 -0.544587
v -0.172711 -1.262029 -0.382785
v -0.289838 -1.222724 -0.524162
v -0.220094 -1.262029 -0.362361
v -0.162403 -1.303905 -0.163336
v -0.046375 -1.316944 -0.154878
v -0.141148 -1.316944 -0.114026
v -0.067630 -1.303905 -0.204188
v -0.250396 -1.235794 -0.366721
v -0.320103 -1.196489 -0.528439
v -0.289838 -1.222724 -0.524162
v -0.220094 -1.262029 -0.362361
v -0.242455 -1.222724 -0.544587
v -0.155076 -1.235794 -0.407808
v -0.172711 -1.262029 -0.382785
v -0.224784 -1.196489 -0.569526
v -0.201447 -1.525184 -0.449449
v -0.141756 -1.448523 -0.310971
v -0.248830 -1.525184 -0.429025
v -0.189139 -1.448523 -0.290547
v 0.122744 -1.139464 0.290019
v 0.198428 -1.134934 0.465602
v 0.066267 -1.139464 0.314364
v 0.141951 -1.134934 0.489947
v -0.201447 -1.525184 -0.449449
v -0.125190 -1.433686 -0.338475
v -0.141756 -1.448523 -0.310971
v -0.178668 -1.502366 -0.462541
v -0.220510 -1.433686 -0.297388
v -0.273988 -1.502366 -0.421454
v -0.248830 -1.525184 -0.429025
v -0.189139 -1.448523 -0.290547
v -0.093964 -1.244289 -0.004561
v -0.141148 -1.316944 -0.114026
v -0.046375 -1.316944 -0.154878
v 0.000809 -1.244289 -0.045413
v -0.095314 -1.181414 -0.061255
v 0.115370 -0.903756 0.273923
v 0.059537 -0.903756 0.297990
v -0.039481 -1.181414 -0.085321
v -0.118323 -1.197268 -0.126258
v -0.173384 -1.284732 -0.253995
v -0.126001 -1.284732 -0.274420
v -0.070940 -1.197268 -0.146682
v -0.153296 -1.190134 -0.141457
v -0.204954 -1.271605 -0.261298
v -0.173384 -1.284732 -0.253995
v -0.118323 -1.197268 -0.126258
v -0.126001 -1.284732 -0.274420
v -0.057977 -1.190134 -0.182544
v -0.070940 -1.197268 -0.146682
v -0.109634 -1.271605 -0.302386
v 0.316171 -0.451281 0.623056
v 0.292761 -0.475057 0.648068
v 0.250622 -0.451281 0.470986
v 0.216364 -0.475057 0.470832
v 0.175486 -0.451281 0.683698
v 0.209835 -0.475057 0.683813
v 0.109937 -0.451281 0.531628
v 0.133438 -0.475057 0.506577
v 0.051541 -0.674588 0.280201
v 0.190196 -0.815259 0.446503
v 0.133719 -0.815259 0.470848
v 0.108019 -0.674588 0.255857
v 0.216364 -0.475057 0.470832
v 0.133438 -0.475057 0.506577
v 0.209835 -0.475057 0.683813
v 0.292761 -0.475057 0.648068
v 0.188067 -0.769565 0.596932
v 0.117329 -1.111413 0.482590
v 0.141951 -1.134934 0.489947
v 0.158694 -0.776913 0.578554
v 0.188067 -0.769565 0.596932
v 0.058747 -0.588953 0.346683
v 0.158694 -0.776913 0.578554
v 0.073273 -0.550265 0.330618
v 0.066267 -1.139464 0.314364
v 0.141951 -1.134934 0.489947
v 0.117329 -1.111413 0.482590
v 0.053084 -1.115258 0.333546
v 0.022132 -0.858357 0.261740
v 0.058865 -1.023872 0.346956
v 0.081944 -0.999663 0.350733
v 0.043505 -0.827616 0.261558
v 0.145079 -0.371257 0.496441
v 0.028083 -0.885298 0.289441
v 0.059537 -0.903756 0.297990
v 0.108874 -0.363169 0.476871
v -0.095314 -1.181414 -0.061255
v -0.123325 -1.154481 -0.061817
v 0.109937 -0.451281 0.531628
v 0.175486 -0.451281 0.683698
v 0.159100 -0.379595 0.645682
v 0.126323 -0.379595 0.569644
v 0.175486 -0.307909 0.683698
v 0.109937 -0.307909 0.531628
v 0.208223 -0.307909 0.759646
v 0.077161 -0.307909 0.455589
v 0.175486 -0.164537 0.683698
v 0.109937 -0.164537 0.531628
v 0.159100 -0.236223 0.645682
v 0.126323 -0.236223 0.569644
v 0.109937 -0.307909 0.531628
v 0.142468 -0.252995 0.573244
v 0.126323 -0.236223 0.569644
v 0.159100 -0.236223 0.645682
v 0.129920 -0.307909 0.544133
v 0.167565 -0.252995 0.631466
v 0.142468 -0.362823 0.573244
v 0.175486 -0.307909 0.683698
v 0.126323 -0.379595 0.569644
v 0.180113 -0.307909 0.660577
v 0.167565 -0.362823 0.631466
v 0.159100 -0.379595 0.645682
v 0.062402 -0.338132 0.369059
v 0.002378 -0.765946 0.165383
v -0.013243 -0.784098 0.193567
v 0.074619 -0.334663 0.332979
v -0.136782 -1.058413 -0.093036
v -0.122744 -1.040012 -0.124892
v -0.111682 -1.183416 -0.014345
v -0.213492 -1.098832 -0.250539
v -0.171019 -1.274777 -0.152004
v -0.149683 -1.287859 -0.102505
v -0.116867 -1.237313 -0.026375
v -0.154116 -1.007472 -0.112790
v -0.208307 -1.044935 -0.238510
v -0.175452 -0.994389 -0.162289
v 0.142468 -0.252995 0.573244
v 0.142468 -0.362823 0.573244
v 0.167565 -0.362823 0.631466
v 0.129920 -0.307909 0.544133
v 0.167565 -0.252995 0.631466
v 0.180113 -0.307909 0.660577
v -0.208440 -1.037959 -0.270139
v -0.175452 -0.994389 -0.162289
v -0.161256 -0.965304 -0.160674
v -0.154116 -1.007472 -0.112790
v -0.208307 -1.044935 -0.238510
v -0.139998 -0.978343 -0.111357
v -0.213492 -1.098832 -0.250539
v -0.111682 -1.183416 -0.014345
v -0.213586 -1.091678 -0.282078
v -0.088779 -1.190571 0.007469
v -0.162403 -1.303905 -0.163336
v -0.116867 -1.237313 -0.026375
v -0.171019 -1.274777 -0.152004
v -0.093964 -1.244289 -0.004561
v -0.141148 -1.316944 -0.114026
v -0.149683 -1.287859 -0.102505
v 0.108874 -0.363169 0.476871
v -0.013243 -0.784098 0.193567
v 0.028083 -0.885298 0.289441
v 0.062402 -0.338132 0.369059
v -0.136782 -1.058413 -0.093036
v -0.123325 -1.154481 -0.061817
v -0.320103 -1.196489 -0.528439
v -0.360318 -1.365074 -0.621734
v -0.340606 -1.409634 -0.576004
v -0.334155 -1.470887 -0.561039
v -0.345713 -1.212794 -0.587852
v -0.273988 -1.502366 -0.421454
v -0.303475 -1.151930 -0.489863
v -0.250396 -1.235794 -0.366721
v -0.245407 -1.184074 -0.355147
v -0.249604 -1.458065 -0.364886
v -0.220510 -1.433686 -0.297388
v -0.204954 -1.271605 -0.261298
v -0.223083 -1.181931 -0.303357
v -0.153296 -1.190134 -0.141457
v -0.168735 -1.111390 -0.177273
v 0.045090 -0.667127 0.315001
v 0.127425 -0.808091 0.506012
v 0.058747 -0.588953 0.346683
v 0.158694 -0.776913 0.578554
v 0.097817 -1.021543 0.437323
v 0.117329 -1.111413 0.482590
v 0.053084 -1.115258 0.333546
v 0.058865 -1.023872 0.346956
v -0.001104 -0.887465 0.207834
v 0.022132 -0.858357 0.261740
v 0.158345 -0.432685 0.574459
v 0.133448 -0.726385 0.516700
v 0.190844 -0.430564 0.649853
v 0.107917 -0.675500 0.457469
v -0.223083 -1.181931 -0.303357
v -0.168735 -1.111390 -0.177273
v -0.141281 -1.080171 -0.179519
v 0.066267 -1.139464 0.314364
v -0.001104 -0.887465 0.207834
v 0.003052 -0.878244 0.167709
v 0.053084 -1.115258 0.333546
v 0.058865 -1.023872 0.346956
v 0.109849 -0.997994 0.415471
v 0.081944 -0.999663 0.350733
v 0.097817 -1.021543 0.437323
v 0.133719 -0.815259 0.470848
v 0.045090 -0.667127 0.315001
v 0.051541 -0.674588 0.280201
v 0.127425 -0.808091 0.506012
v 0.127425 -0.808091 0.506012
v 0.109849 -0.997994 0.415471
v 0.097817 -1.021543 0.437323
v 0.133719 -0.815259 0.470848
vn -0.3133 0.6111 -0.7269
vn -0.2027 0.8588 -0.4704
vn -0.2030 -0.8588 -0.4703
vn -0.3133 -0.6112 -0.7268
vn -0.2027 -0.8588 -0.4704
vn -0.3133 -0.6111 -0.7269
vn -0.3215 0.5834 -0.7458
vn -0.3215 0.5835 -0.7458
vn -0.3215 -0.5835 -0.7458
vn -0.3215 -0.5834 -0.7458
vn -0.3958 -0.0000 -0.9183
vn -0.3958 0.0156 -0.9182
vn -0.3958 0.0157 -0.9182
vn -0.3583 0.4250 -0.8312
vn -0.3958 -0.0157 -0.9182
vn -0.3583 0.4250 -0.8313
vn -0.3958 -0.0156 -0.9182
vn -0.3583 -0.4250 -0.8312
vn -0.3583 -0.4250 -0.8313
vn -0.8400 -0.0000 -0.5426
vn -0.8398 0.0157 -0.5426
vn -0.8534 0.2678 -0.4472
vn -0.8398 -0.0000 -0.5428
vn -0.8359 0.3709 -0.4045
vn -0.8398 -0.0157 -0.5426
vn -0.6477 0.7619 0.0055
vn -0.8534 0.2679 -0.4472
vn -0.6778 0.7328 -0.0596
vn -0.8534 -0.2678 -0.4472
vn -0.8360 -0.3709 -0.4045
vn -0.8534 -0.2679 -0.4472
vn -0.6477 -0.7619 0.0055
vn -0.6778 -0.7328 -0.0597
vn 0.1821 0.0155 -0.9832
vn 0.2800 0.3708 -0.8855
vn 0.2608 0.2678 -0.9275
vn 0.1821 0.0157 -0.9832
vn 0.4220 0.7328 -0.5337
vn 0.2608 0.2679 -0.9275
vn 0.4487 0.7619 -0.4671
vn 0.1822 -0.0000 -0.9833
vn 0.1821 -0.0155 -0.9832
vn 0.1821 -0.0156 -0.9832
vn 0.2608 -0.2678 -0.9275
vn 0.2800 -0.3708 -0.8855
vn 0.4487 -0.7619 -0.4671
vn 0.2608 -0.2679 -0.9275
vn 0.4220 -0.7328 -0.5337
vn 0.1129 -0.6518 -0.7500
vn 0.2387 -0.7750 -0.5851
vn 0.2436 -0.7865 -0.5675
vn 0.0589 0.2122 -0.9754
vn 0.1384 -0.4587 -0.8778
vn 0.1249 -0.4163 -0.9006
vn 0.0580 0.2756 -0.9595
vn 0.0428 0.4743 -0.8793
vn -0.6227 -0.6518 -0.4329
vn -0.5798 -0.7865 -0.2126
vn -0.5893 -0.7750 -0.2283
vn -0.7496 0.2122 -0.6270
vn -0.7406 -0.4163 -0.5275
vn -0.7331 -0.4587 -0.5021
vn -0.7374 0.2756 -0.6167
vn -0.6687 0.4743 -0.5726
vn -0.6686 0.4743 -0.5727
vn 0.2386 0.7750 -0.5852
vn 0.1129 0.6517 -0.7500
vn 0.2436 0.7865 -0.5675
vn 0.1383 0.4587 -0.8778
vn 0.0588 -0.2122 -0.9755
vn 0.1250 0.4162 -0.9006
vn 0.0580 -0.2756 -0.9595
vn 0.0428 -0.4743 -0.8793
vn -0.5798 0.7865 -0.2126
vn -0.6227 0.6518 -0.4329
vn -0.5893 0.7750 -0.2283
vn -0.7406 0.4162 -0.5275
vn -0.7495 -0.2122 -0.6270
vn -0.7331 0.4587 -0.5021
vn -0.7374 -0.2756 -0.6167
vn -0.6687 -0.4743 -0.5726
vn -0.6686 -0.4743 -0.5727
vn -0.1930 -0.8730 -0.4478
vn -0.2768 -0.7149 -0.6421
vn -0.2769 -0.7149 -0.6421
vn -0.3435 -0.4970 -0.7969
vn -0.3813 0.2685 -0.8846
vn -0.3378 0.5215 -0.7836
vn -0.1930 0.8730 -0.4478
vn -0.2768 0.7149 -0.6421
vn -0.3435 0.4970 -0.7969
vn -0.3813 -0.2686 -0.8846
vn -0.3813 -0.2685 -0.8846
vn -0.3378 -0.5215 -0.7836
vn -0.0437 0.9939 -0.1014
vn -0.0625 0.9874 -0.1451
vn -0.2027 0.8589 -0.4703
vn -0.2028 0.8589 -0.4703
vn -0.4020 0.8124 0.4224
vn -0.4020 0.8124 0.4223
vn 0.5831 0.8124 -0.0023
vn 0.5831 0.8124 -0.0022
vn 0.2622 0.7492 0.6083
vn 0.2623 0.7493 0.6080
vn 0.2622 0.7491 0.6083
vn 0.2622 0.7494 0.6080
vn 0.2622 0.7493 0.6082
vn 0.2621 0.7493 0.6082
vn 0.2622 0.7492 0.6082
vn 0.2621 0.7492 0.6083
vn -0.1347 0.9404 -0.3124
vn -0.3583 0.4251 -0.8312
vn -0.1346 0.9404 -0.3122
vn -0.0000 1.0000 -0.0000
vn -0.5110 0.8309 0.2203
vn -0.5106 0.8312 0.2201
vn -0.5109 0.8309 0.2203
vn -0.5108 0.8310 0.2202
vn 0.5111 0.8308 -0.2203
vn 0.4221 0.7328 -0.5337
vn -0.3085 0.8146 0.4912
vn -0.2590 0.6533 0.7114
vn -0.2547 0.6504 0.7156
vn 0.6950 0.6533 0.3003
vn 0.5690 0.8146 0.1130
vn 0.6952 0.6504 0.3062
vn 0.1502 0.9251 0.3486
vn 0.2589 0.7565 0.6006
vn 0.1503 0.9251 0.3486
vn 0.3844 0.9082 -0.1657
vn 0.2387 0.7750 -0.5851
vn 0.1129 0.6519 -0.7498
vn 0.1384 0.4587 -0.8777
vn 0.1250 0.4163 -0.9006
vn -0.3844 0.9082 0.1657
vn -0.5892 0.7750 -0.2283
vn -0.6227 0.6519 -0.4328
vn -0.7405 0.4163 -0.5275
vn 0.1744 0.8976 0.4049
vn 0.0437 0.9939 0.1014
vn 0.0437 0.9939 0.1013
vn 0.1745 0.8976 0.4048
vn 0.5736 0.5590 -0.5987
vn 0.6303 0.6754 -0.3829
vn 0.5715 0.5521 -0.6072
vn 0.4768 0.4083 -0.7784
vn 0.5736 -0.5590 -0.5987
vn 0.6303 -0.6754 -0.3828
vn 0.5715 -0.5521 -0.6071
vn 0.6303 -0.6754 -0.3829
vn 0.4768 -0.4083 -0.7784
vn 0.9056 0.4237 0.0197
vn 0.9056 -0.4238 0.0196
vn 0.9056 -0.4237 0.0197
vn 0.4443 0.4019 -0.8007
vn 0.4443 -0.4018 -0.8007
vn 0.4443 -0.4019 -0.8007
vn 0.4442 -0.4019 -0.8007
vn 0.2800 0.3709 -0.8854
vn 0.4487 0.7619 -0.4672
vn 0.2609 0.2679 -0.9274
vn 0.2609 -0.2679 -0.9274
vn 0.2800 -0.3709 -0.8854
vn 0.9183 -0.0000 -0.3958
vn 0.8671 0.4656 0.1767
vn 0.8671 0.4658 0.1765
vn 0.8672 -0.4656 0.1767
vn 0.8671 -0.4658 0.1765
vn 0.8671 -0.4658 0.1764
vn 0.6899 0.6895 -0.2206
vn 0.8124 0.5825 -0.0245
vn 0.7997 0.5981 -0.0533
vn 0.8798 0.4559 0.1344
vn 0.8798 0.4560 0.1344
vn 0.8124 -0.5825 -0.0244
vn 0.6899 -0.6895 -0.2206
vn 0.7997 -0.5980 -0.0533
vn 0.6899 -0.6895 -0.2205
vn 0.8798 -0.4560 0.1344
vn -0.1689 0.3469 0.9226
vn -0.1689 0.3468 0.9226
vn 0.7867 0.3468 0.5107
vn 0.7867 0.3469 0.5107
vn -0.1689 -0.3468 0.9226
vn -0.1689 -0.3469 0.9226
vn -0.1688 -0.3468 0.9226
vn 0.7867 -0.3469 0.5107
vn 0.7867 -0.3468 0.5107
vn 0.3951 0.0629 0.9165
vn 0.3951 0.0630 0.9165
vn 0.3951 -0.0628 0.9165
vn 0.3951 -0.0630 0.9165
vn 0.3951 -0.0629 0.9165
vn -0.2035 -0.0000 0.9791
vn -0.1981 -0.2436 0.9494
vn -0.1955 -0.2048 0.9591
vn -0.2589 -0.6532 0.7115
vn -0.2547 -0.6503 0.7157
vn 0.8516 -0.0000 0.5242
vn 0.8263 -0.2435 0.5079
vn 0.8315 -0.2048 0.5164
vn 0.6951 -0.6532 0.3003
vn 0.6952 -0.6503 0.3062
vn -0.1955 0.2048 0.9591
vn -0.1981 0.2436 0.9494
vn -0.2589 0.6531 0.7116
vn -0.2547 0.6503 0.7157
vn 0.8263 0.2436 0.5078
vn 0.8315 0.2048 0.5164
vn 0.6951 0.6532 0.3003
vn 0.6952 0.6503 0.3062
vn 0.3813 -0.2684 0.8846
vn 0.3813 -0.2685 0.8846
vn 0.2589 -0.7564 0.6007
vn 0.3958 -0.0000 0.9183
vn 0.3813 0.2685 0.8846
vn 0.3813 0.2684 0.8846
vn -0.2328 0.2274 0.9456
vn -0.2527 -0.0000 0.9675
vn -0.2527 -0.0000 0.9676
vn -0.2328 -0.2274 0.9456
vn -0.2294 0.2595 0.9381
vn -0.2250 -0.0000 0.9743
vn -0.2294 -0.2595 0.9381
vn -0.2251 -0.0000 0.9743
vn 0.8395 0.2595 0.4774
vn 0.8629 -0.0000 0.5053
vn 0.8629 -0.0000 0.5054
vn 0.8473 0.2274 0.4800
vn 0.8769 -0.0000 0.4807
vn 0.8473 -0.2274 0.4801
vn 0.8395 -0.2595 0.4774
vn 0.3785 0.2924 0.8782
vn 0.3785 -0.2924 0.8782
vn 0.3785 -0.2925 0.8782
vn 0.2906 0.6789 0.6742
vn 0.2906 0.6789 0.6743
vn 0.2906 -0.6789 0.6743
vn 0.2906 -0.6789 0.6742
vn 0.7439 -0.0000 0.6683
vn 0.7439 -0.0000 0.6682
vn 0.7441 -0.0000 0.6681
vn -0.0252 -0.0000 0.9997
vn -0.0250 -0.0000 0.9997
vn -0.0249 -0.0000 0.9997
vn -0.0251 -0.0000 0.9997
vn 0.1745 0.8975 0.4050
vn 0.1741 0.8975 0.4052
vn 0.2845 0.6953 0.6600
vn 0.1748 -0.8975 0.4049
vn 0.2845 -0.6953 0.6600
vn 0.1745 -0.8975 0.4050
vn -0.0437 -0.9939 -0.1014
vn -0.0626 -0.9874 -0.1451
vn -0.2027 -0.8589 -0.4703
vn -0.0625 -0.9874 -0.1451
vn -0.4020 -0.8124 0.4223
vn -0.4020 -0.8124 0.4224
vn 0.5831 -0.8124 -0.0022
vn 0.5831 -0.8124 -0.0023
vn 0.2622 -0.7491 0.6083
vn 0.2623 -0.7490 0.6084
vn 0.2621 -0.7492 0.6082
vn 0.2622 -0.7492 0.6082
vn 0.2622 -0.7493 0.6082
vn 0.2622 -0.7492 0.6083
vn 0.2621 -0.7493 0.6082
vn 0.2622 -0.7491 0.6084
vn 0.2621 -0.7492 0.6083
vn -0.1345 -0.9405 -0.3122
vn -0.3583 -0.4251 -0.8312
vn -0.0000 -1.0000 -0.0000
vn -0.6476 -0.7620 0.0055
vn -0.5106 -0.8312 0.2201
vn -0.6778 -0.7328 -0.0596
vn -0.5110 -0.8309 0.2203
vn -0.5109 -0.8310 0.2202
vn 0.5111 -0.8308 -0.2203
vn 0.4221 -0.7328 -0.5337
vn -0.2589 -0.6533 0.7114
vn -0.3085 -0.8146 0.4912
vn -0.2547 -0.6504 0.7156
vn 0.6951 -0.6504 0.3062
vn 0.5690 -0.8146 0.1130
vn 0.6951 -0.6533 0.3002
vn 0.2589 -0.7565 0.6005
vn 0.2589 -0.7565 0.6006
vn 0.1502 -0.9251 0.3486
vn 0.1503 -0.9251 0.3486
vn 0.3844 -0.9082 -0.1657
vn 0.2386 -0.7751 -0.5851
vn 0.1129 -0.6519 -0.7498
vn 0.1129 -0.6519 -0.7499
vn 0.1383 -0.4587 -0.8777
vn 0.1250 -0.4163 -0.9006
vn -0.3844 -0.9082 0.1657
vn -0.6227 -0.6519 -0.4328
vn -0.7405 -0.4163 -0.5275
vn -0.2767 -0.7150 -0.6420
vn -0.2768 -0.7150 -0.6420
vn 0.1745 -0.8976 0.4048
vn 0.0437 -0.9939 0.1014
vn -0.8291 0.5590 0.0059
vn -0.7111 0.6754 0.1953
vn -0.8338 0.5521 -0.0014
vn -0.7111 0.6754 0.1954
vn -0.8933 0.4083 -0.1879
vn -0.8291 -0.5591 0.0059
vn -0.7111 -0.6754 0.1953
vn -0.7111 -0.6754 0.1954
vn -0.8338 -0.5521 -0.0013
vn -0.8933 -0.4083 -0.1879
vn -0.6075 0.4237 0.6719
vn -0.6075 -0.4237 0.6719
vn -0.8872 0.4019 -0.2268
vn -0.8872 -0.4019 -0.2268
vn -0.8872 -0.4018 -0.2268
vn -0.8534 0.2679 -0.4471
vn -0.6477 0.7618 0.0055
vn -0.8360 0.3709 -0.4044
vn -0.8360 -0.3709 -0.4044
vn -0.9183 -0.0000 0.3958
vn -0.9182 -0.0000 0.3962
vn -0.4670 0.4657 0.7517
vn -0.4670 0.4658 0.7516
vn -0.4670 -0.4657 0.7517
vn -0.4670 -0.4658 0.7516
vn -0.4671 -0.4658 0.7515
vn -0.4671 -0.4658 0.7516
vn -0.6341 0.6895 0.3501
vn -0.5878 0.5981 0.5447
vn -0.5756 0.5825 0.5739
vn -0.5063 0.4560 0.7319
vn -0.6340 -0.6895 0.3501
vn -0.5878 -0.5981 0.5448
vn -0.5756 -0.5825 0.5739
vn -0.5063 -0.4561 0.7319
vn -0.5064 -0.4560 0.7319
vn -0.3364 0.5271 -0.7804
vn -0.3364 0.5272 -0.7803
vn -0.8437 0.4091 -0.3475
vn -0.8438 0.4091 -0.3474
vn -0.8437 0.4091 -0.3474
vn 0.3267 0.4091 -0.8520
vn 0.3267 0.4092 -0.8520
vn 0.3268 0.4091 -0.8520
vn -0.3846 -0.2370 -0.8922
vn -0.3846 -0.2369 -0.8922
vn 0.2898 -0.1812 -0.9398
vn 0.2897 -0.1812 -0.9398
vn -0.8822 -0.1812 -0.4346
vn -0.8822 -0.1812 -0.4347
vn -0.3378 0.5214 -0.7836
vn -0.3378 0.5215 -0.7835
vn -0.3846 -0.2371 -0.8921
vn -0.3846 -0.2366 -0.8922
vn -0.3846 -0.2370 -0.8921
vn -0.8822 -0.1812 -0.4345
vn -0.3640 -0.3930 -0.8444
vn -0.3200 -0.5886 -0.7424
vn -0.9026 -0.0000 -0.4304
vn -0.7542 -0.6511 -0.0850
vn -0.7542 0.6511 -0.0849
vn -0.7542 0.6511 -0.0851
vn -0.9026 -0.0000 -0.4305
vn 0.3067 -0.0000 -0.9518
vn 0.4561 -0.6511 -0.6067
vn 0.4561 0.6511 -0.6067
vn -0.3377 0.5216 -0.7835
vn 0.3182 -0.3628 -0.8758
vn -0.8552 -0.3628 -0.3700
vn -0.8552 -0.3628 -0.3701
vn -0.3489 -0.4721 -0.8096
vn -0.3489 -0.4721 -0.8095
vn -0.3490 -0.4721 -0.8095
vn -0.3758 -0.3140 -0.8719
vn -0.3758 -0.3138 -0.8719
vn -0.3758 -0.3141 -0.8719
vn -0.1967 -0.8677 -0.4564
vn -0.1967 -0.8678 -0.4564
vn -0.1967 0.8678 -0.4564
vn -0.1969 0.8678 -0.4563
vn -0.0812 0.9787 -0.1884
vn -0.6471 0.7548 0.1077
vn 0.5226 0.7548 -0.3965
vn -0.0872 0.9754 -0.2023
vn -0.0938 0.9716 -0.2175
vn -0.0938 0.9715 -0.2176
vn -0.0938 0.9715 -0.2175
vn -0.0938 0.9715 -0.2177
vn 0.5265 0.7466 -0.4067
vn -0.6572 0.7466 0.1035
vn -0.6571 0.7466 0.1035
vn -0.6571 0.7467 0.1035
vn 0.1808 0.8897 0.4193
vn 0.1807 0.8897 0.4193
vn 0.1808 0.8896 0.4194
vn 0.0094 0.9997 0.0218
vn 0.0094 0.9997 0.0217
vn -0.4494 0.6864 0.5718
vn -0.4494 0.6864 0.5717
vn 0.7242 0.6864 0.0658
vn 0.7243 0.6863 0.0660
vn 0.7243 0.6863 0.0659
vn 0.7243 0.6864 0.0658
vn 0.2064 0.8533 0.4788
vn 0.2064 0.8533 0.4789
vn 0.2295 0.8148 0.5324
vn 0.2295 0.8148 0.5323
vn 0.2109 0.8462 0.4893
vn 0.2109 0.8463 0.4893
vn 0.2110 0.8461 0.4895
vn 0.7398 0.6608 0.1265
vn 0.7398 0.6608 0.1266
vn 0.7399 0.6608 0.1265
vn -0.4160 0.6608 0.6247
vn -0.4160 0.6608 0.6248
vn -0.4561 0.6512 0.6066
vn 0.4561 0.6511 -0.6066
vn 0.7542 0.6511 0.0849
vn 0.7541 0.6512 0.0850
vn 0.4561 0.6512 -0.6066
vn -0.2217 0.8284 -0.5144
vn -0.2219 0.8282 -0.5146
vn 0.1966 0.8678 0.4564
vn -0.1968 0.8678 -0.4564
vn 0.1968 0.8678 0.4564
vn -0.1966 0.8678 -0.4564
vn 0.9492 0.1891 0.2515
vn 0.8635 -0.5028 0.0384
vn 0.7140 0.6370 -0.2906
vn 0.7140 0.6370 -0.2907
vn 0.9189 -0.3219 0.2280
vn 0.9189 -0.3219 0.2279
vn 0.9348 0.2443 0.2577
vn 0.8992 0.4027 0.1713
vn 0.8968 0.4109 0.1641
vn 0.9348 0.2443 0.2578
vn 0.8304 0.5526 0.0719
vn 0.9804 -0.0000 0.1970
vn 0.8655 0.4968 -0.0639
vn 0.6408 0.4968 -0.5853
vn 0.9804 -0.0000 0.1971
vn 0.8655 -0.4968 -0.0639
vn 0.5298 -0.0000 -0.8481
vn 0.6408 -0.4968 -0.5853
vn 0.4063 -0.2761 -0.8710
vn 0.4614 -0.3857 -0.7989
vn 0.4636 -0.4007 -0.7902
vn 0.5061 -0.5049 -0.6992
vn 0.9185 -0.0000 -0.3955
vn 0.7068 -0.2132 -0.6745
vn 0.7817 -0.4156 -0.4650
vn 0.8277 -0.4023 -0.3912
vn 0.9459 -0.3135 -0.0832
vn 0.7038 -0.2979 -0.6449
vn 0.9257 -0.3395 -0.1666
vn 0.6637 0.1177 -0.7387
vn 0.9927 -0.1177 0.0247
vn 0.6810 0.0316 -0.7316
vn 0.9995 -0.0315 0.0072
vn 0.7568 0.3394 -0.5586
vn 0.9516 0.3000 -0.0663
vn 0.7100 0.3136 -0.6305
vn 0.9757 0.2133 -0.0508
vn 0.8527 0.4023 -0.3332
vn 0.8748 0.4157 -0.2490
vn 0.4525 -0.6768 -0.5807
vn 0.5030 0.3301 -0.7988
vn 0.7015 -0.6370 -0.3195
vn 0.7016 -0.6369 -0.3195
vn 0.7016 -0.6370 -0.3195
vn 0.5467 0.5423 -0.6380
vn 0.5467 0.5423 -0.6379
vn 0.5467 0.5424 -0.6379
vn 0.4728 -0.2052 -0.8569
vn 0.3768 0.3067 0.8741
vn 0.3768 0.3068 0.8740
vn 0.3565 0.4346 0.8271
vn 0.3565 0.4345 0.8271
vn 0.3565 0.4346 0.8270
vn -0.3112 0.3383 0.8881
vn 0.8593 0.3383 0.3836
vn 0.8593 0.3383 0.3835
vn 0.3667 0.3768 0.8506
vn 0.3667 0.3768 0.8507
vn 0.3667 0.3767 0.8507
vn 0.3456 -0.4877 0.8017
vn -0.4561 -0.6511 0.6067
vn -0.3069 -0.0000 0.9517
vn -0.3068 -0.0000 0.9518
vn -0.4561 0.6511 0.6067
vn 0.9027 -0.0000 0.4303
vn 0.7542 -0.6511 0.0850
vn 0.9028 -0.0000 0.4301
vn 0.7542 0.6511 0.0850
vn 0.7542 0.6511 0.0851
vn 0.3846 0.2369 0.8922
vn -0.2898 0.1812 0.9398
vn -0.2897 0.1812 0.9398
vn 0.8822 0.1812 0.4347
vn 0.8821 0.1812 0.4347
vn 0.8822 0.1811 0.4347
vn 0.3378 -0.5214 0.7836
vn 0.3378 -0.5215 0.7836
vn 0.3846 0.2367 0.8922
vn 0.3846 0.2370 0.8921
vn 0.3846 0.2368 0.8922
vn -0.2896 0.1811 0.9398
vn 0.8822 0.1812 0.4346
vn 0.1967 -0.8678 0.4564
vn 0.1968 -0.8677 0.4564
vn 0.1967 0.8678 0.4564
vn 0.1967 0.8678 0.4563
vn 0.3846 0.2370 0.8922
vn 0.3846 0.2371 0.8921
vn 0.2400 -0.7953 0.5567
vn -0.1967 -0.8678 -0.4563
vn -0.7362 -0.6701 -0.0947
vn 0.4366 -0.6701 -0.6003
vn -0.2064 -0.8533 -0.4789
vn -0.2064 -0.8533 -0.4788
vn -0.2589 -0.7565 -0.6006
vn -0.3200 -0.5887 -0.7423
vn -0.7542 -0.6511 -0.0849
vn -0.4561 -0.6511 0.6066
vn 0.4561 -0.6512 -0.6066
vn 0.7542 -0.6512 0.0849
vn 0.4524 -0.6768 -0.5807
vn -0.7328 -0.6768 -0.0698
vn -0.1869 -0.8815 -0.4336
vn -0.1869 -0.8815 -0.4337
vn -0.0094 -0.9997 -0.0217
vn 0.0938 -0.9715 0.2175
vn 0.0938 -0.9716 0.2174
vn 0.6532 -0.7504 -0.1009
vn -0.5219 -0.7504 0.4056
vn 0.0872 -0.9754 0.2023
vn 0.0872 -0.9755 0.2022
vn 0.6510 -0.7513 -0.1084
vn 0.6509 -0.7514 -0.1083
vn -0.5257 -0.7513 0.3989
vn -0.5256 -0.7515 0.3988
vn -0.5258 -0.7513 0.3989
vn -0.1968 -0.8678 -0.4564
vn 0.1968 -0.8678 0.4564
vn 0.0813 -0.9787 0.1885
vn 0.0813 -0.9787 0.1886
vn 0.0814 -0.9787 0.1887
vn -0.4689 0.1891 0.8628
vn -0.5650 -0.5028 0.6542
vn -0.7016 0.6369 0.3195
vn -0.7015 0.6370 0.3195
vn -0.7016 0.6370 0.3195
vn -0.4652 -0.3219 0.8246
vn -0.4545 0.2443 0.8566
vn -0.4929 0.4027 0.7713
vn -0.4964 0.4109 0.7647
vn -0.5179 0.5525 0.6530
vn -0.5179 0.5526 0.6530
vn -0.9804 -0.0000 -0.1972
vn -0.8655 -0.4968 0.0639
vn -0.9804 -0.0000 -0.1971
vn -0.6408 -0.4968 0.5853
vn -0.8655 0.4968 0.0639
vn -0.5296 -0.0000 0.8482
vn -0.6408 0.4968 0.5853
vn -0.5299 -0.0000 0.8481
vn -0.9122 -0.2761 -0.3027
vn -0.8977 -0.3857 -0.2131
vn -0.9122 -0.2761 -0.3026
vn -0.8929 -0.4007 -0.2055
vn -0.8559 -0.5048 -0.1121
vn -0.8559 -0.5049 -0.1121
vn -0.9183 -0.0000 0.3959
vn -0.7568 -0.3395 0.5586
vn -0.6810 -0.0315 0.7316
vn -0.6637 -0.1177 0.7387
vn -0.7016 0.3000 0.6463
vn -0.7099 -0.3133 0.6308
vn -0.7069 0.2134 0.6744
vn -0.8527 -0.4023 0.3332
vn -0.7817 0.4156 0.4650
vn -0.8748 -0.4156 0.2490
vn -0.8277 0.4023 0.3912
vn -0.9756 -0.2134 0.0508
vn -0.9459 0.3135 0.0833
vn -0.9521 -0.2979 0.0689
vn -0.9257 0.3395 0.1668
vn -0.9927 0.1177 -0.0247
vn -0.9995 0.0316 -0.0072
vn -0.9181 -0.0000 0.3963
vn -0.9182 -0.0000 0.3961
vn -0.9261 0.3301 -0.1828
vn -0.7140 -0.6370 0.2907
vn -0.7140 -0.6370 0.2906
vn -0.8392 0.5424 -0.0405
vn -0.8392 0.5424 -0.0406
vn -0.9476 -0.2052 -0.2447
vn -0.9477 -0.2052 -0.2446
vn -0.3364 -0.5272 -0.7803
vn -0.3364 -0.5271 -0.7804
vn 0.3268 -0.4091 -0.8520
vn 0.3267 -0.4091 -0.8520
vn -0.8438 -0.4091 -0.3474
vn -0.8437 -0.4091 -0.3474
vn -0.3846 0.2369 -0.8922
vn -0.3846 0.2370 -0.8922
vn -0.8822 0.1812 -0.4347
vn -0.8822 0.1812 -0.4346
vn 0.2897 0.1812 -0.9398
vn -0.3378 -0.5214 -0.7836
vn -0.3846 0.2367 -0.8922
vn -0.3846 0.2370 -0.8921
vn 0.2898 0.1812 -0.9398
vn -0.3651 0.3863 -0.8470
vn -0.3200 0.5886 -0.7424
vn 0.4560 0.6511 -0.6067
vn 0.3068 -0.0000 -0.9518
vn -0.7542 0.6511 -0.0850
vn -0.3377 -0.5216 -0.7835
vn -0.8552 0.3628 -0.3701
vn -0.8553 0.3628 -0.3700
vn -0.8552 0.3628 -0.3700
vn 0.3182 0.3628 -0.8758
vn -0.3489 0.4721 -0.8095
vn -0.3490 0.4721 -0.8095
vn -0.3489 0.4721 -0.8096
vn -0.3758 0.3139 -0.8719
vn -0.3758 0.3140 -0.8719
vn -0.1968 0.8677 -0.4564
vn 0.2400 0.7953 0.5567
vn -0.1967 0.8678 -0.4563
vn 0.4366 0.6701 -0.6003
vn -0.7362 0.6701 -0.0947
vn -0.2064 0.8533 -0.4788
vn -0.2064 0.8533 -0.4789
vn -0.3200 0.5887 -0.7423
vn -0.2589 0.7565 -0.6006
vn -0.7542 0.6511 -0.0848
vn -0.4561 0.6512 0.6065
vn -0.7328 0.6768 -0.0698
vn 0.4524 0.6768 -0.5807
vn -0.1869 0.8815 -0.4336
vn -0.1869 0.8815 -0.4337
vn -0.0094 0.9997 -0.0217
vn 0.0937 0.9716 0.2175
vn 0.0938 0.9715 0.2175
vn 0.0938 0.9715 0.2177
vn -0.5188 0.7538 0.4032
vn 0.6494 0.7538 -0.1003
vn 0.6494 0.7538 -0.1004
vn 0.0872 0.9754 0.2023
vn 0.0872 0.9755 0.2022
vn -0.5257 0.7514 0.3989
vn -0.5256 0.7514 0.3989
vn -0.5258 0.7513 0.3989
vn 0.6509 0.7514 -0.1083
vn 0.6508 0.7515 -0.1082
vn 0.0813 0.9787 0.1887
vn 0.0813 0.9787 0.1885
vn 0.0813 0.9787 0.1886
vn 0.9492 -0.1891 0.2515
vn 0.8635 0.5028 0.0384
vn 0.7140 -0.6370 -0.2906
vn 0.7140 -0.6369 -0.2906
vn 0.7140 -0.6370 -0.2907
vn 0.9189 0.3219 0.2279
vn 0.9189 0.3219 0.2280
vn 0.9348 -0.2443 0.2577
vn 0.8992 -0.4027 0.1713
vn 0.8968 -0.4109 0.1642
vn 0.8304 -0.5526 0.0719
vn 0.5297 -0.0000 -0.8482
vn 0.9803 -0.0000 0.1973
vn 0.4063 0.2761 -0.8710
vn 0.4614 0.3857 -0.7989
vn 0.4637 0.4007 -0.7902
vn 0.5061 0.5049 -0.6992
vn 0.9258 0.3394 -0.1665
vn 0.9995 0.0315 0.0072
vn 0.9927 0.1176 0.0247
vn 0.9521 -0.2979 -0.0690
vn 0.9459 0.3136 -0.0833
vn 0.9757 -0.2133 -0.0508
vn 0.8277 0.4023 -0.3912
vn 0.8748 -0.4156 -0.2490
vn 0.7817 0.4156 -0.4650
vn 0.8527 -0.4023 -0.3332
vn 0.7069 0.2133 -0.6744
vn 0.7101 -0.3135 -0.6305
vn 0.7016 0.3000 -0.6463
vn 0.7568 -0.3395 -0.5586
vn 0.6637 -0.1176 -0.7387
vn 0.6810 -0.0315 -0.7316
vn 0.5043 -0.3231 -0.8008
vn 0.7016 0.6370 -0.3195
vn 0.7016 0.6369 -0.3195
vn 0.5468 -0.5424 -0.6378
vn 0.5467 -0.5424 -0.6379
vn 0.5467 -0.5423 -0.6380
vn 0.4728 0.2052 -0.8569
vn 0.3768 -0.3068 0.8740
vn 0.3768 -0.3067 0.8741
vn 0.3565 -0.4345 0.8271
vn 0.3565 -0.4347 0.8270
vn 0.3565 -0.4346 0.8271
vn 0.8593 -0.3383 0.3835
vn 0.8593 -0.3383 0.3836
vn -0.3112 -0.3383 0.8881
vn 0.3667 -0.3768 0.8506
vn 0.3667 -0.3768 0.8507
vn 0.3456 0.4877 0.8017
vn -0.3067 -0.0000 0.9518
vn 0.3846 -0.2369 0.8922
vn 0.8822 -0.1812 0.4346
vn 0.8822 -0.1812 0.4347
vn -0.2898 -0.1812 0.9398
vn -0.2897 -0.1812 0.9398
vn 0.3378 0.5213 0.7836
vn 0.3378 0.5214 0.7836
vn 0.3846 -0.2370 0.8922
vn 0.3846 -0.2367 0.8922
vn 0.3846 -0.2366 0.8922
vn 0.3846 -0.2368 0.8922
vn 0.8822 -0.1813 0.4346
vn 0.3846 -0.2370 0.8921
vn -0.0812 -0.9787 -0.1884
vn 0.5226 -0.7548 -0.3965
vn -0.6471 -0.7548 0.1077
vn -0.0872 -0.9754 -0.2023
vn -0.0938 -0.9715 -0.2175
vn -0.0938 -0.9716 -0.2175
vn -0.0938 -0.9715 -0.2177
vn -0.6610 -0.7431 0.1041
vn -0.6610 -0.7432 0.1041
vn 0.5296 -0.7431 -0.4091
vn 0.5296 -0.7431 -0.4090
vn 0.1808 -0.8896 0.4194
vn 0.1807 -0.8897 0.4193
vn 0.1808 -0.8897 0.4193
vn 0.0094 -0.9997 0.0218
vn 0.7243 -0.6864 0.0658
vn 0.7243 -0.6864 0.0659
vn -0.4494 -0.6864 0.5717
vn -0.4494 -0.6864 0.5718
vn 0.2064 -0.8533 0.4788
vn 0.2063 -0.8534 0.4787
vn 0.2295 -0.8148 0.5323
vn 0.2295 -0.8148 0.5324
vn 0.2109 -0.8463 0.4892
vn 0.2109 -0.8462 0.4893
vn 0.2108 -0.8464 0.4891
vn -0.4160 -0.6608 0.6248
vn -0.4160 -0.6608 0.6247
vn 0.7399 -0.6607 0.1265
vn 0.7398 -0.6608 0.1265
vn 0.7398 -0.6608 0.1266
vn 0.7399 -0.6608 0.1265
vn 0.7542 -0.6511 0.0849
vn -0.7541 -0.6512 -0.0850
vn -0.4561 -0.6512 0.6065
vn -0.2218 -0.8282 -0.5146
vn -0.2217 -0.8284 -0.5144
vn -0.4689 -0.1891 0.8628
vn -0.5650 0.5028 0.6542
vn -0.7015 -0.6370 0.3195
vn -0.7016 -0.6370 0.3195
vn -0.4652 0.3219 0.8246
vn -0.4653 0.3219 0.8246
vn -0.4545 -0.2443 0.8566
vn -0.4929 -0.4027 0.7713
vn -0.4964 -0.4109 0.7647
vn -0.5179 -0.5526 0.6530
vn -0.5179 -0.5525 0.6530
vn -0.5297 -0.0000 0.8482
vn -0.9122 0.2761 -0.3026
vn -0.8977 0.3857 -0.2131
vn -0.8929 0.4007 -0.2055
vn -0.8559 0.5049 -0.1121
vn -0.8559 0.5049 -0.1122
vn -0.9756 0.2134 0.0508
vn -0.8748 0.4156 0.2489
vn -0.8527 0.4023 0.3332
vn -0.7100 0.3136 0.6305
vn -0.9516 0.3000 0.0663
vn -0.7568 0.3396 0.5585
vn -0.9927 -0.1176 -0.0247
vn -0.6637 0.1176 0.7387
vn -0.9995 -0.0316 -0.0072
vn -0.6810 0.0316 0.7316
vn -0.9258 -0.3394 0.1666
vn -0.7038 -0.2979 0.6449
vn -0.9459 -0.3136 0.0833
vn -0.7069 -0.2134 0.6744
vn -0.8278 -0.4023 0.3911
vn -0.7816 -0.4156 0.4651
vn -0.9184 -0.0000 0.3955
vn -0.9284 -0.3231 -0.1833
vn -0.9285 -0.3231 -0.1833
vn -0.9285 -0.3231 -0.1832
vn -0.7140 0.6369 0.2907
vn -0.7140 0.6370 0.2907
vn -0.7140 0.6370 0.2906
vn -0.8392 -0.5423 -0.0406
vn -0.8392 -0.5424 -0.0405
vn -0.9477 0.2052 -0.2446
vn -0.9476 0.2052 -0.2447
vt -1.249230 0.398918
vt -1.227980 0.435278
vt -1.249260 0.435278
vt -1.228010 0.398918
vt -1.227980 0.097751
vt -1.249230 0.134111
vt -1.249260 0.097751
vt -1.228010 0.134111
vt -1.220190 0.358304
vt -1.220190 0.402501
vt -1.257040 0.402501
vt -1.257040 0.358304
vt -1.220190 0.174724
vt -1.257040 0.130528
vt -1.220190 0.130528
vt -1.257040 0.174724
vt -1.218900 0.265924
vt -1.218900 0.299667
vt -1.258330 0.299667
vt -1.258330 0.265924
vt -1.258330 0.353119
vt -1.258330 0.232181
vt -1.218900 0.353119
vt -1.218900 0.232181
vt -1.258330 0.178729
vt -1.218900 0.178729
vt -1.214660 0.265924
vt -1.214660 0.299667
vt -1.214660 0.350231
vt -1.214660 0.232181
vt -1.218900 0.366674
vt -1.214660 0.363831
vt -1.214660 0.181617
vt -1.218900 0.165174
vt -1.214660 0.168017
vt -1.262580 0.350231
vt -1.262580 0.299667
vt -1.262580 0.363831
vt -1.258330 0.366674
vt -1.262580 0.265924
vt -1.262580 0.232181
vt -1.262580 0.181617
vt -1.258330 0.165174
vt -1.262580 0.168017
vt -1.262580 0.315175
vt -1.257590 0.334642
vt -1.262580 0.336944
vt -1.257590 0.313582
vt -1.262580 0.287720
vt -1.257590 0.308657
vt -1.262580 0.309516
vt -1.257590 0.287290
vt -1.257590 0.265924
vt -1.214660 0.315175
vt -1.214660 0.336944
vt -1.219650 0.334642
vt -1.219650 0.313582
vt -1.214660 0.287720
vt -1.214660 0.309516
vt -1.219650 0.308657
vt -1.219650 0.287290
vt -1.219650 0.265924
vt -1.257590 0.197206
vt -1.262580 0.216672
vt -1.262580 0.194903
vt -1.257590 0.218266
vt -1.257590 0.223191
vt -1.262580 0.244128
vt -1.262580 0.222331
vt -1.257590 0.244557
vt -1.214660 0.194903
vt -1.214660 0.216672
vt -1.219650 0.197206
vt -1.219650 0.218266
vt -1.214660 0.222331
vt -1.214660 0.244128
vt -1.219650 0.223191
vt -1.219650 0.244557
vt -1.265320 0.250534
vt -1.271270 0.284938
vt -1.271270 0.248090
vt -1.265320 0.282494
vt -1.135620 0.255867
vt -1.232460 0.277152
vt -1.232460 0.255876
vt -1.135620 0.277161
vt -1.267920 0.243858
vt -1.260220 0.246940
vt -1.267920 0.289170
vt -1.260220 0.286088
vt -1.260490 0.255904
vt -1.260490 0.277124
vt -1.256700 0.281618
vt -1.256700 0.251410
vt -1.231630 0.281618
vt -1.228100 0.286088
vt -1.231630 0.251410
vt -1.222930 0.282494
vt -1.228100 0.246940
vt -1.227760 0.277124
vt -1.222930 0.250534
vt -1.227760 0.255904
vt -1.324250 0.246800
vt -1.340500 0.286228
vt -1.340500 0.246800
vt -1.324250 0.286228
vt -1.291100 0.246800
vt -1.291100 0.286228
vt -1.275500 0.246800
vt -1.275500 0.286228
vt -1.324250 0.242557
vt -1.291100 0.242557
vt -1.278470 0.242557
vt -1.291100 0.290472
vt -1.324250 0.290472
vt -1.278470 0.290472
vt -1.252250 0.242557
vt -1.265750 0.246800
vt -1.267560 0.242557
vt -1.249120 0.246800
vt -1.265750 0.286228
vt -1.252250 0.290472
vt -1.267560 0.290472
vt -1.249120 0.286228
vt -1.290650 0.290472
vt -1.318560 0.285482
vt -1.291710 0.285482
vt -1.320860 0.290472
vt -1.278540 0.285482
vt -1.270340 0.285482
vt -1.277060 0.290472
vt -1.267750 0.290472
vt -1.320860 0.242557
vt -1.290650 0.242557
vt -1.318560 0.247546
vt -1.291710 0.247546
vt -1.277060 0.242557
vt -1.270340 0.247546
vt -1.278540 0.247546
vt -1.267750 0.242557
vt -1.204760 0.255876
vt -1.204760 0.277152
vt -1.247710 0.430889
vt -1.341620 0.450382
vt -1.341620 0.445549
vt -1.244780 0.435278
vt -1.216750 0.398918
vt -1.220540 0.395572
vt -1.247710 0.102140
vt -1.341620 0.082646
vt -1.244780 0.097751
vt -1.341620 0.087480
vt -1.216750 0.134111
vt -1.220540 0.137457
vt -1.251350 0.362440
vt -1.209320 0.399511
vt -1.249130 0.370354
vt -1.217010 0.398680
vt -1.209320 0.133517
vt -1.251350 0.170588
vt -1.249130 0.162675
vt -1.217010 0.134348
vt -1.205970 0.402501
vt -1.178520 0.356424
vt -1.174370 0.358304
vt -1.205970 0.130528
vt -1.174370 0.174724
vt -1.178520 0.176604
vt -1.136740 0.353119
vt -1.152990 0.366674
vt -1.139580 0.350231
vt -1.139580 0.181617
vt -1.152990 0.165174
vt -1.136740 0.178729
vt -1.186580 0.336944
vt -1.156370 0.336944
vt -1.186140 0.363831
vt -1.152990 0.363831
vt -1.139580 0.299667
vt -1.156370 0.299667
vt -1.156370 0.265924
vt -1.138460 0.265924
vt -1.139580 0.232181
vt -1.156370 0.232181
vt -1.156370 0.194903
vt -1.152990 0.168017
vt -1.186140 0.168017
vt -1.186580 0.194903
vt -1.198760 0.183374
vt -1.198770 0.168017
vt -1.209670 0.201567
vt -1.200180 0.216672
vt -1.209490 0.222331
vt -1.224990 0.207534
vt -1.224990 0.236729
vt -1.209480 0.244128
vt -1.245160 0.265924
vt -1.196480 0.265924
vt -1.209480 0.287720
vt -1.224990 0.295119
vt -1.209490 0.309516
vt -1.224990 0.324314
vt -1.209670 0.330281
vt -1.200180 0.315175
vt -1.198760 0.348474
vt -1.198770 0.363831
vt -1.213760 0.211472
vt -1.213760 0.321557
vt -1.245600 0.159563
vt -1.269560 0.134851
vt -1.341620 0.126988
vt -1.269560 0.398177
vt -1.245600 0.373465
vt -1.341620 0.406040
vt -1.218010 0.213401
vt -1.254700 0.173543
vt -1.218010 0.319628
vt -1.254700 0.359486
vt -1.272470 0.139204
vt -1.341620 0.131651
vt -1.249470 0.162976
vt -1.272470 0.393825
vt -1.341620 0.401377
vt -1.249470 0.370052
vt -1.254600 0.365790
vt -1.258190 0.370354
vt -1.261270 0.362440
vt -1.257040 0.359486
vt -1.215960 0.362440
vt -1.222640 0.365790
vt -1.220190 0.359486
vt -1.219040 0.370354
vt -1.254600 0.167238
vt -1.261270 0.170588
vt -1.258190 0.162675
vt -1.257040 0.173543
vt -1.222640 0.167238
vt -1.215960 0.170588
vt -1.220190 0.173543
vt -1.219040 0.162675
vt -1.258330 0.183374
vt -1.262580 0.183374
vt -1.258330 0.199624
vt -1.262580 0.201567
vt -1.218900 0.183374
vt -1.214660 0.183374
vt -1.218900 0.199624
vt -1.214660 0.201567
vt -1.262580 0.348474
vt -1.258330 0.348474
vt -1.258330 0.332224
vt -1.262580 0.330281
vt -1.218900 0.348474
vt -1.214660 0.348474
vt -1.218900 0.332224
vt -1.214660 0.330281
vt -1.262580 0.295119
vt -1.262580 0.236729
vt -1.258330 0.295639
vt -1.262580 0.324314
vt -1.258330 0.325354
vt -1.258330 0.236209
vt -1.262580 0.207534
vt -1.258330 0.206494
vt -1.218900 0.295639
vt -1.214660 0.324314
vt -1.218900 0.325354
vt -1.214660 0.295119
vt -1.214660 0.236729
vt -1.218900 0.236209
vt -1.214660 0.207534
vt -1.218900 0.206494
vt -1.257040 0.213401
vt -1.220190 0.213401
vt -1.257040 0.319628
vt -1.220190 0.319628
vt -1.219650 0.299667
vt -1.219650 0.232181
vt -1.257590 0.299667
vt -1.257590 0.232181
vt -1.249260 0.139204
vt -1.227980 0.139204
vt -1.228010 0.162976
vt -1.249230 0.162976
vt -1.249260 0.393825
vt -1.228010 0.370052
vt -1.227980 0.393825
vt -1.249230 0.370052
vt -1.211910 0.250534
vt -1.205970 0.284938
vt -1.211910 0.282494
vt -1.205970 0.248090
vt -1.341620 0.255867
vt -1.244780 0.255876
vt -1.244780 0.277152
vt -1.341620 0.277161
vt -1.209320 0.243858
vt -1.217010 0.246940
vt -1.209320 0.289170
vt -1.217010 0.286088
vt -1.216750 0.255904
vt -1.216750 0.277124
vt -1.220540 0.281618
vt -1.220540 0.251410
vt -1.245600 0.281618
vt -1.249130 0.286088
vt -1.245600 0.251410
vt -1.254300 0.282494
vt -1.249130 0.246940
vt -1.249470 0.277124
vt -1.254300 0.250534
vt -1.249470 0.255904
vt -1.152990 0.286228
vt -1.136740 0.246800
vt -1.136740 0.286228
vt -1.152990 0.246800
vt -1.186140 0.246800
vt -1.186140 0.286228
vt -1.201740 0.246800
vt -1.201740 0.286228
vt -1.152990 0.242557
vt -1.186140 0.242557
vt -1.198770 0.242557
vt -1.186140 0.290472
vt -1.152990 0.290472
vt -1.198770 0.290472
vt -1.211490 0.246800
vt -1.224990 0.242557
vt -1.209670 0.242557
vt -1.228120 0.246800
vt -1.209670 0.290472
vt -1.224990 0.290472
vt -1.211490 0.286228
vt -1.228120 0.286228
vt -1.158680 0.285482
vt -1.186580 0.290472
vt -1.185530 0.285482
vt -1.156370 0.290472
vt -1.198690 0.285482
vt -1.200180 0.290472
vt -1.206900 0.285482
vt -1.209490 0.290472
vt -1.186580 0.242557
vt -1.156370 0.242557
vt -1.158680 0.247546
vt -1.185530 0.247546
vt -1.206900 0.247546
vt -1.200180 0.242557
vt -1.198690 0.247546
vt -1.209490 0.242557
vt -1.272470 0.255876
vt -1.272470 0.277152
vt -1.229520 0.430889
vt -1.135620 0.450382
vt -1.232460 0.435278
vt -1.135620 0.445549
vt -1.260490 0.398918
vt -1.256700 0.395572
vt -1.229520 0.102140
vt -1.135620 0.082646
vt -1.135620 0.087480
vt -1.232460 0.097751
vt -1.260490 0.134111
vt -1.256700 0.137457
vt -1.267920 0.399511
vt -1.228100 0.370354
vt -1.260220 0.398680
vt -1.225890 0.362440
vt -1.267920 0.133517
vt -1.228100 0.162675
vt -1.225890 0.170588
vt -1.260220 0.134348
vt -1.271270 0.402501
vt -1.298720 0.356424
vt -1.302870 0.358304
vt -1.271270 0.130528
vt -1.298720 0.176604
vt -1.302870 0.174724
vt -1.337650 0.350231
vt -1.324250 0.366674
vt -1.340500 0.353119
vt -1.324250 0.165174
vt -1.337650 0.181617
vt -1.340500 0.178729
vt -1.337650 0.299667
vt -1.320860 0.265924
vt -1.320860 0.299667
vt -1.338770 0.265924
vt -1.337650 0.232181
vt -1.320860 0.336944
vt -1.320860 0.232181
vt -1.324250 0.363831
vt -1.291100 0.363831
vt -1.320860 0.194903
vt -1.324250 0.168017
vt -1.291100 0.168017
vt -1.290650 0.336944
vt -1.290650 0.194903
vt -1.278480 0.348474
vt -1.278470 0.363831
vt -1.267560 0.330281
vt -1.277060 0.315175
vt -1.267750 0.309516
vt -1.252250 0.324314
vt -1.252240 0.295119
vt -1.267750 0.287720
vt -1.232070 0.265924
vt -1.280760 0.265924
vt -1.267750 0.244128
vt -1.252240 0.236729
vt -1.267750 0.222331
vt -1.252250 0.207534
vt -1.267560 0.201567
vt -1.277060 0.216672
vt -1.278480 0.183374
vt -1.278470 0.168017
vt -1.263480 0.211472
vt -1.263480 0.321557
vt -1.207670 0.134851
vt -1.231630 0.159563
vt -1.135620 0.126988
vt -1.207670 0.398177
vt -1.231630 0.373465
vt -1.135620 0.406040
vt -1.259230 0.213401
vt -1.222540 0.173543
vt -1.259230 0.319628
vt -1.222540 0.359486
vt -1.204760 0.139204
vt -1.135620 0.131651
vt -1.227760 0.162976
vt -1.204760 0.393825
vt -1.135620 0.401377
vt -1.227760 0.370052
vt -0.378670 1.705550
vt -0.391569 1.675190
vt -0.378670 1.675190
vt -0.391569 1.705550
vt -0.372152 1.700710
vt -0.372152 1.674250
vt -0.398086 1.700710
vt -0.398086 1.674250
vt -0.391569 1.632630
vt -0.378670 1.632630
vt -0.398086 1.636180
vt -0.372152 1.636180
vt -0.372215 1.658960
vt -0.398024 1.605900
vt -0.372215 1.605900
vt -0.398024 1.658960
vt -0.378670 1.691100
vt -0.391569 1.625050
vt -0.378670 1.625050
vt -0.391569 1.691100
vt -0.398024 1.592470
vt -0.372215 1.592470
vt -0.398086 1.628470
vt -0.398086 1.697500
vt -0.372152 1.628470
vt -0.372152 1.697500
vt -0.377516 1.416650
vt -0.377516 1.524470
vt -0.392722 1.524470
vt -0.392722 1.416650
vt -0.373832 1.409960
vt -0.373832 1.368170
vt -0.365968 1.374120
vt -0.365968 1.445800
vt -0.373832 1.451750
vt -0.365968 1.409960
vt -0.396406 1.409960
vt -0.404270 1.374120
vt -0.396406 1.368170
vt -0.404270 1.409960
vt -0.404270 1.445800
vt -0.396406 1.451750
vt -0.377432 1.552550
vt -0.377432 1.617850
vt -0.392806 1.617850
vt -0.392806 1.552550
vt -0.392400 1.499100
vt -0.397400 1.441160
vt -0.392400 1.441270
vt -0.397400 1.501860
vt -0.377838 1.499100
vt -0.372839 1.441160
vt -0.372839 1.501860
vt -0.377838 1.441270
vt -0.392806 1.582480
vt -0.392806 1.536800
vt -0.377432 1.582480
vt -0.377432 1.536800
vt -0.517061 1.547680
vt -0.559191 1.547680
vt -0.517061 1.534780
vt -0.559191 1.534780
vt -0.555816 1.528260
vt -0.517825 1.528260
vt -0.555816 1.554190
vt -0.517825 1.554190
vt -0.498917 1.534780
vt -0.542955 1.547680
vt -0.542955 1.534780
vt -0.498917 1.547680
vt -0.447521 1.554130
vt -0.447521 1.528320
vt -0.434091 1.528320
vt -0.434091 1.554130
vt -0.502914 1.554190
vt -0.546952 1.554190
vt -0.502914 1.528260
vt -0.546952 1.528260
vt -0.479364 1.534780
vt -0.479364 1.547680
vt -0.267409 1.533540
vt -0.315227 1.548910
vt -0.315227 1.533540
vt -0.267409 1.548910
vt -0.484052 1.528260
vt -0.484052 1.554190
vt -0.404283 1.528320
vt -0.404283 1.554130
vt -0.319650 1.548830
vt -0.417431 1.548830
vt -0.319650 1.533620
vt -0.417431 1.533620
vt -0.469425 1.534780
vt -0.434646 1.534780
vt -0.434646 1.547680
vt -0.469425 1.547680
vt -0.441591 1.554190
vt -0.474217 1.554190
vt -0.441591 1.528260
vt -0.474217 1.528260
vt -0.216194 1.529940
vt -0.261014 1.522080
vt -0.219626 1.522080
vt -0.264446 1.529940
vt -0.261014 1.560380
vt -0.216194 1.552510
vt -0.219626 1.560380
vt -0.264446 1.552510
vt -0.272621 1.548910
vt -0.324510 1.548910
vt -0.272621 1.533540
vt -0.324510 1.533540
vt -0.531936 1.525380
vt -0.498704 1.610840
vt -0.502829 1.616720
vt -0.524809 1.527210
vt -0.461702 1.480220
vt -0.459436 1.470550
vt -0.455011 1.617850
vt -0.458116 1.611800
vt -0.438584 1.547570
vt -0.461778 1.588950
vt -0.464921 1.582900
vt -0.440635 1.539890
vt -0.504634 1.425800
vt -0.445528 1.554310
vt -0.450588 1.558920
vt -0.496538 1.423780
vt -0.352807 1.628340
vt -0.349904 1.621600
vt -0.509224 1.445800
vt -0.550612 1.445800
vt -0.540265 1.427880
vt -0.519571 1.427880
vt -0.550612 1.409960
vt -0.509224 1.409960
vt -0.571306 1.409960
vt -0.488530 1.409960
vt -0.550612 1.374120
vt -0.509224 1.374120
vt -0.540265 1.392040
vt -0.519571 1.392040
vt -0.521992 1.396230
vt -0.514066 1.409960
vt -0.537844 1.396230
vt -0.521992 1.423690
vt -0.545771 1.409960
vt -0.537844 1.423690
vt -0.467185 1.417520
vt -0.414502 1.524470
vt -0.419435 1.529010
vt -0.460127 1.416650
vt -0.341409 1.597590
vt -0.335465 1.592990
vt -0.361943 1.628840
vt -0.297658 1.607690
vt -0.324461 1.651680
vt -0.337936 1.654950
vt -0.358673 1.642310
vt -0.335140 1.584850
vt -0.300929 1.594220
vt -0.321666 1.581580
vt -0.293646 1.592470
vt -0.323455 1.574310
vt -0.336884 1.577570
vt -0.290387 1.605900
vt -0.369215 1.630630
vt -0.322717 1.658960
vt -0.365955 1.644060
vt -0.336147 1.662220
vt -0.223286 1.632110
vt -0.197885 1.674250
vt -0.210352 1.685390
vt -0.214422 1.700710
vt -0.207126 1.636180
vt -0.252414 1.708580
vt -0.233800 1.620970
vt -0.267324 1.641930
vt -0.270463 1.629000
vt -0.267813 1.697500
vt -0.286186 1.691410
vt -0.296021 1.650890
vt -0.284570 1.628470
vt -0.328647 1.630520
vt -0.318894 1.610830
vt -0.453082 1.499770
vt -0.505066 1.535010
vt -0.486372 1.588370
vt -0.423897 1.554850
vt -0.523857 1.441160
vt -0.508110 1.514580
vt -0.544382 1.440630
vt -0.491994 1.501860
vt -0.321088 1.603030
vt -0.415089 1.552550
vt -0.482538 1.582480
vt -0.497617 1.536800
vt -0.445728 1.501630
vt -0.392806 1.525380
vt -0.377432 1.616720
vt -0.392806 1.616720
vt -0.377432 1.525380
vt -0.377838 1.440510
vt -0.392400 1.517340
vt -0.392400 1.440510
vt -0.377838 1.517340
vt -0.397399 1.514580
vt -0.397399 1.440630
vt -0.372839 1.514580
vt -0.372839 1.440630
vt -0.392722 1.558920
vt -0.392722 1.425800
vt -0.377516 1.425800
vt -0.377516 1.558920
vt -0.377432 1.539890
vt -0.392806 1.582900
vt -0.392806 1.539890
vt -0.377432 1.582900
vt -0.372215 1.644060
vt -0.398024 1.644060
vt -0.398024 1.630630
vt -0.372215 1.630630
vt -0.398086 1.691410
vt -0.398086 1.650890
vt -0.391569 1.654170
vt -0.391569 1.695110
vt -0.378670 1.654170
vt -0.372152 1.691410
vt -0.378670 1.695110
vt -0.372152 1.650890
vt -0.372215 1.577570
vt -0.398024 1.577570
vt -0.378670 1.625010
vt -0.372152 1.641930
vt -0.378670 1.648490
vt -0.372152 1.629000
vt -0.391569 1.625010
vt -0.391569 1.648490
vt -0.398086 1.641930
vt -0.398086 1.629000
vt -0.398086 1.685390
vt -0.398086 1.632110
vt -0.391569 1.638670
vt -0.391569 1.681230
vt -0.378670 1.638670
vt -0.372152 1.685390
vt -0.378670 1.681230
vt -0.372152 1.632110
vt -0.459436 1.533540
vt -0.531936 1.548910
vt -0.531936 1.533540
vt -0.459436 1.548910
vt -0.202401 1.547680
vt -0.232984 1.547680
vt -0.202401 1.534780
vt -0.232984 1.534780
vt -0.207126 1.528260
vt -0.233800 1.528260
vt -0.207126 1.554190
vt -0.233800 1.554190
vt -0.323455 1.528320
vt -0.293646 1.528320
vt -0.293646 1.554130
vt -0.323455 1.554130
vt -0.335465 1.533620
vt -0.414502 1.548830
vt -0.414502 1.533620
vt -0.335465 1.548830
vt -0.505793 1.529940
vt -0.554044 1.529940
vt -0.550612 1.522080
vt -0.509224 1.522080
vt -0.505793 1.552510
vt -0.550612 1.560380
vt -0.554044 1.552510
vt -0.509224 1.560380
vt -0.321088 1.547680
vt -0.279811 1.547680
vt -0.284570 1.554190
vt -0.321088 1.534780
vt -0.284570 1.528260
vt -0.279811 1.534780
vt -0.482538 1.533540
vt -0.464921 1.533540
vt -0.482538 1.548910
vt -0.464921 1.548910
vt -0.336884 1.554130
vt -0.336884 1.528320
vt -0.270463 1.554190
vt -0.277022 1.547680
vt -0.270463 1.528260
vt -0.277022 1.534780
vt -0.267813 1.554190
vt -0.216951 1.547680
vt -0.210352 1.554190
vt -0.263778 1.547680
vt -0.267813 1.528260
vt -0.210352 1.528260
vt -0.216951 1.534780
vt -0.263778 1.534780
vt -0.238302 1.525380
vt -0.267409 1.616720
vt -0.271534 1.610840
vt -0.245430 1.527210
vt -0.308536 1.480220
vt -0.310802 1.470550
vt -0.315227 1.617850
vt -0.312122 1.611800
vt -0.305318 1.582900
vt -0.331654 1.547570
vt -0.329603 1.539890
vt -0.308460 1.588950
vt -0.265604 1.425800
vt -0.324710 1.554310
vt -0.273700 1.423780
vt -0.319650 1.558920
vt -0.417431 1.628340
vt -0.420334 1.621600
vt -0.261014 1.445800
vt -0.281708 1.409960
vt -0.261014 1.409960
vt -0.261014 1.374120
vt -0.250667 1.427880
vt -0.250667 1.392040
vt -0.219626 1.445800
vt -0.229973 1.392040
vt -0.229973 1.427880
vt -0.219626 1.374120
vt -0.219626 1.409960
vt -0.198932 1.409960
vt -0.232394 1.423690
vt -0.224468 1.409960
vt -0.248246 1.423690
vt -0.232394 1.396230
vt -0.256172 1.409960
vt -0.248246 1.396230
vt -0.303053 1.417520
vt -0.355737 1.524470
vt -0.310111 1.416650
vt -0.350803 1.529010
vt -0.428829 1.597590
vt -0.434773 1.592990
vt -0.435098 1.584850
vt -0.469310 1.594220
vt -0.448572 1.581580
vt -0.472580 1.607690
vt -0.408295 1.628840
vt -0.445777 1.651680
vt -0.432303 1.654950
vt -0.411565 1.642310
vt -0.433354 1.577570
vt -0.401023 1.630630
vt -0.404283 1.644060
vt -0.446784 1.574310
vt -0.434091 1.662220
vt -0.476592 1.592470
vt -0.447521 1.658960
vt -0.479852 1.605900
vt -0.559886 1.685390
vt -0.502425 1.697500
vt -0.517825 1.708580
vt -0.484052 1.691410
vt -0.555816 1.700710
vt -0.474217 1.650890
vt -0.572353 1.674250
vt -0.485668 1.628470
vt -0.441591 1.630520
vt -0.451345 1.610830
vt -0.546952 1.632110
vt -0.563112 1.636180
vt -0.536438 1.620970
vt -0.502914 1.641930
vt -0.499775 1.629000
vt -0.283867 1.588370
vt -0.346341 1.554850
vt -0.265172 1.535010
vt -0.317156 1.499770
vt -0.246381 1.441160
vt -0.262128 1.514580
vt -0.278244 1.501860
vt -0.225857 1.440630
vt -0.449150 1.603030
vt -0.355150 1.552550
vt -0.287701 1.582480
vt -0.272621 1.536800
vt -0.324510 1.501630
vt 1.525570 2.192920
vt 1.525570 2.162560
vt 1.538470 2.192920
vt 1.538470 2.162560
vt 1.519050 2.167410
vt 1.519050 2.193870
vt 1.544990 2.167410
vt 1.544990 2.193870
vt 1.538470 2.235490
vt 1.525570 2.235490
vt 1.544990 2.231940
vt 1.519050 2.231940
vt 1.519110 2.262210
vt 1.519110 2.209160
vt 1.544920 2.262210
vt 1.544920 2.209160
vt 1.525570 2.243070
vt 1.525570 2.177020
vt 1.538470 2.243070
vt 1.538470 2.177020
vt 1.544920 2.275640
vt 1.519110 2.275640
vt 1.544990 2.239650
vt 1.544990 2.170620
vt 1.519050 2.239650
vt 1.519050 2.170620
vt 1.524420 2.451470
vt 1.539620 2.343650
vt 1.539620 2.451470
vt 1.524420 2.343650
vt 1.520730 2.458160
vt 1.520730 2.499940
vt 1.512870 2.494000
vt 1.512870 2.458160
vt 1.512870 2.422310
vt 1.520730 2.416370
vt 1.543310 2.458160
vt 1.551170 2.494000
vt 1.543310 2.499940
vt 1.543310 2.416370
vt 1.551170 2.422310
vt 1.551170 2.458160
vt 1.524330 2.315570
vt 1.539710 2.250270
vt 1.539710 2.315570
vt 1.524330 2.250270
vt 1.544300 2.426960
vt 1.539300 2.369020
vt 1.544300 2.366260
vt 1.539300 2.426850
vt 1.524740 2.369020
vt 1.524740 2.426850
vt 1.519740 2.426960
vt 1.519740 2.366260
vt 1.539710 2.331320
vt 1.524330 2.285640
vt 1.539710 2.285640
vt 1.524330 2.331320
vt 1.678840 2.334580
vt 1.606340 2.334580
vt 1.678840 2.319200
vt 1.606340 2.319200
vt 1.379880 2.320440
vt 1.349300 2.333340
vt 1.349300 2.320440
vt 1.379880 2.333340
vt 1.354030 2.339860
vt 1.380700 2.339860
vt 1.354030 2.313920
vt 1.380700 2.313920
vt 1.470350 2.313990
vt 1.470350 2.339800
vt 1.440550 2.313990
vt 1.440550 2.339800
vt 1.561400 2.334490
vt 1.482370 2.334490
vt 1.561400 2.319290
vt 1.482370 2.319290
vt 1.652690 2.338180
vt 1.700940 2.338180
vt 1.697510 2.346040
vt 1.656120 2.346040
vt 1.652690 2.315600
vt 1.697510 2.307740
vt 1.700940 2.315600
vt 1.656120 2.307740
vt 1.431470 2.313920
vt 1.467990 2.320440
vt 1.426710 2.320440
vt 1.467990 2.333340
vt 1.431470 2.339860
vt 1.426710 2.333340
vt 1.629440 2.319200
vt 1.611820 2.334580
vt 1.611820 2.319200
vt 1.629440 2.334580
vt 1.483780 2.313990
vt 1.483780 2.339800
vt 1.417360 2.313920
vt 1.423920 2.320440
vt 1.423920 2.333340
vt 1.417360 2.339860
vt 1.414710 2.313920
vt 1.363850 2.320440
vt 1.357250 2.313920
vt 1.410680 2.320440
vt 1.363850 2.333340
vt 1.410680 2.333340
vt 1.414710 2.339860
vt 1.357250 2.339860
vt 1.385200 2.342740
vt 1.414310 2.251400
vt 1.418430 2.257280
vt 1.392330 2.340910
vt 1.455440 2.387900
vt 1.457700 2.397570
vt 1.462130 2.250270
vt 1.459020 2.256320
vt 1.452220 2.285220
vt 1.478550 2.320540
vt 1.476500 2.328230
vt 1.455360 2.279170
vt 1.412500 2.442320
vt 1.471610 2.313810
vt 1.420600 2.444340
vt 1.466550 2.309200
vt 1.564330 2.239780
vt 1.567230 2.246510
vt 1.407910 2.422310
vt 1.428610 2.458160
vt 1.407910 2.458160
vt 1.407910 2.494000
vt 1.397570 2.440240
vt 1.397570 2.476080
vt 1.366530 2.422310
vt 1.376870 2.476080
vt 1.376870 2.440240
vt 1.366530 2.494000
vt 1.366530 2.458160
vt 1.345830 2.458160
vt 1.379290 2.444430
vt 1.371370 2.458160
vt 1.395150 2.444430
vt 1.379290 2.471890
vt 1.403070 2.458160
vt 1.395150 2.471890
vt 1.449950 2.450600
vt 1.502640 2.343650
vt 1.457010 2.451470
vt 1.497700 2.339110
vt 1.575730 2.270530
vt 1.581670 2.275130
vt 1.582000 2.283270
vt 1.616210 2.273900
vt 1.595470 2.286540
vt 1.619480 2.260430
vt 1.555190 2.239280
vt 1.592680 2.216440
vt 1.579200 2.213170
vt 1.558470 2.225810
vt 1.580250 2.290550
vt 1.547920 2.237490
vt 1.551180 2.224060
vt 1.593680 2.293810
vt 1.580990 2.205900
vt 1.623490 2.275640
vt 1.594420 2.209160
vt 1.626750 2.262210
vt 1.706790 2.182730
vt 1.649320 2.170620
vt 1.664720 2.159540
vt 1.630950 2.176710
vt 1.702720 2.167410
vt 1.621120 2.217230
vt 1.719250 2.193870
vt 1.632570 2.239650
vt 1.588490 2.237600
vt 1.598240 2.257290
vt 1.693850 2.236010
vt 1.710010 2.231940
vt 1.683340 2.247150
vt 1.649810 2.226190
vt 1.646680 2.239120
vt 1.430770 2.279750
vt 1.493240 2.313270
vt 1.412070 2.333110
vt 1.464060 2.368350
vt 1.393280 2.426960
vt 1.409030 2.353540
vt 1.425140 2.366260
vt 1.372760 2.427490
vt 1.596050 2.265090
vt 1.502050 2.315570
vt 1.434600 2.285640
vt 1.419520 2.331320
vt 1.471410 2.366490
vt 1.539710 2.251400
vt 1.539710 2.342740
vt 1.524330 2.251400
vt 1.524330 2.342740
vt 1.524740 2.427610
vt 1.524740 2.350770
vt 1.539300 2.350770
vt 1.539300 2.427610
vt 1.544300 2.353540
vt 1.544300 2.427490
vt 1.519740 2.353540
vt 1.519740 2.427490
vt 1.524420 2.442320
vt 1.524420 2.309200
vt 1.539620 2.309200
vt 1.539620 2.442320
vt 1.524330 2.328230
vt 1.524330 2.285220
vt 1.539710 2.285220
vt 1.539710 2.328230
vt 1.519110 2.224060
vt 1.544920 2.237490
vt 1.519110 2.237490
vt 1.544920 2.224060
vt 1.538470 2.213950
vt 1.538470 2.173000
vt 1.544990 2.176710
vt 1.544990 2.217230
vt 1.519050 2.176710
vt 1.525570 2.213950
vt 1.519050 2.217230
vt 1.525570 2.173000
vt 1.544920 2.290550
vt 1.519110 2.290550
vt 1.525570 2.243110
vt 1.519050 2.226190
vt 1.525570 2.219630
vt 1.519050 2.239120
vt 1.538470 2.243110
vt 1.538470 2.219630
vt 1.544990 2.226190
vt 1.544990 2.239120
vt 1.538470 2.229450
vt 1.538470 2.186890
vt 1.544990 2.182730
vt 1.544990 2.236010
vt 1.519050 2.182730
vt 1.525570 2.229450
vt 1.519050 2.236010
vt 1.525570 2.186890
vt 1.706090 2.320440
vt 1.663960 2.333340
vt 1.663960 2.320440
vt 1.706090 2.333340
vt 1.702720 2.339860
vt 1.664720 2.339860
vt 1.702720 2.313920
vt 1.664720 2.313920
vt 1.689860 2.333340
vt 1.645820 2.333340
vt 1.689860 2.320440
vt 1.645820 2.320440
vt 1.594420 2.313990
vt 1.580990 2.339800
vt 1.580990 2.313990
vt 1.594420 2.339800
vt 1.649810 2.313920
vt 1.693850 2.313920
vt 1.649810 2.339860
vt 1.693850 2.339860
vt 1.626260 2.333340
vt 1.626260 2.320440
vt 1.462130 2.334580
vt 1.414310 2.334580
vt 1.462130 2.319200
vt 1.414310 2.319200
vt 1.630950 2.339860
vt 1.630950 2.313920
vt 1.551180 2.313990
vt 1.551180 2.339800
vt 1.564330 2.319290
vt 1.466550 2.334490
vt 1.466550 2.319290
vt 1.564330 2.334490
vt 1.581550 2.320440
vt 1.616320 2.320440
vt 1.616320 2.333340
vt 1.581550 2.333340
vt 1.588490 2.313920
vt 1.621120 2.313920
vt 1.588490 2.339860
vt 1.621120 2.339860
vt 1.363090 2.338180
vt 1.407910 2.346040
vt 1.366530 2.346040
vt 1.411350 2.338180
vt 1.407910 2.307740
vt 1.363090 2.315600
vt 1.366530 2.307740
vt 1.411350 2.315600
vt 1.471410 2.319200
vt 1.419520 2.334580
vt 1.419520 2.319200
vt 1.471410 2.334580
vt 1.678840 2.342740
vt 1.645600 2.257280
vt 1.649730 2.251400
vt 1.671710 2.340910
vt 1.608600 2.387900
vt 1.606340 2.397570
vt 1.601910 2.250270
vt 1.605020 2.256320
vt 1.585480 2.320540
vt 1.608680 2.279170
vt 1.611820 2.285220
vt 1.587530 2.328230
vt 1.651530 2.442320
vt 1.592430 2.313810
vt 1.597490 2.309200
vt 1.643440 2.444340
vt 1.499710 2.239780
vt 1.496800 2.246510
vt 1.656120 2.422310
vt 1.697510 2.422310
vt 1.687170 2.440240
vt 1.666470 2.440240
vt 1.697510 2.458160
vt 1.656120 2.458160
vt 1.718210 2.458160
vt 1.635430 2.458160
vt 1.697510 2.494000
vt 1.656120 2.494000
vt 1.687170 2.476080
vt 1.666470 2.476080
vt 1.668890 2.471890
vt 1.660970 2.458160
vt 1.684740 2.471890
vt 1.668890 2.444430
vt 1.692670 2.458160
vt 1.684740 2.444430
vt 1.614080 2.450600
vt 1.561400 2.343650
vt 1.566330 2.339110
vt 1.607030 2.451470
vt 1.488310 2.270530
vt 1.482370 2.275130
vt 1.508840 2.239280
vt 1.444560 2.260430
vt 1.471360 2.216440
vt 1.484840 2.213170
vt 1.505570 2.225810
vt 1.482040 2.283270
vt 1.447830 2.273900
vt 1.468570 2.286540
vt 1.440550 2.275640
vt 1.470350 2.293810
vt 1.483780 2.290550
vt 1.437290 2.262210
vt 1.516110 2.237490
vt 1.469620 2.209160
vt 1.512860 2.224060
vt 1.483050 2.205900
vt 1.370190 2.236010
vt 1.344790 2.193870
vt 1.357250 2.182730
vt 1.361320 2.167410
vt 1.354030 2.231940
vt 1.399310 2.159540
vt 1.380700 2.247150
vt 1.414220 2.226190
vt 1.417360 2.239120
vt 1.414710 2.170620
vt 1.433090 2.176710
vt 1.442920 2.217230
vt 1.431470 2.239650
vt 1.475550 2.237600
vt 1.465790 2.257290
vt 1.599980 2.368350
vt 1.651970 2.333110
vt 1.633270 2.279750
vt 1.570800 2.313270
vt 1.670760 2.426960
vt 1.655010 2.353540
vt 1.691280 2.427490
vt 1.638890 2.366260
vt 1.467990 2.265090
vt 1.561990 2.315570
vt 1.629440 2.285640
vt 1.644520 2.331320
vt 1.592630 2.366490
s 1
usemtl Meshpart1Mtl
f 3/1/1 2/2/2 1/3/2
f 2/2/2 3/1/1 4/4/1
f 5/5/3 7/6/4 6/7/5
f 7/6/4 5/5/3 8/8/6
f 9/9/7 10/10/7 11/11/8
f 9/9/7 11/11/8 12/12/7
f 13/13/9 14/14/10 15/15/9
f 14/14/10 13/13/9 16/16/10
f 17/17/11 18/18/12 19/19/13
f 17/17/11 19/19/13 20/20/11
f 18/18/12 21/21/14 19/19/13
f 22/22/15 17/17/11 20/20/11
f 18/18/12 23/23/16 21/21/14
f 17/17/11 22/22/15 24/24/17
f 25/25/18 24/24/17 22/22/15
f 24/24/17 25/25/18 26/26/19
f 27/27/20 28/28/21 29/18/21
f 30/29/22 29/18/21 28/28/21
f 27/27/20 29/18/21 31/17/23
f 29/18/21 30/29/22 32/23/24
f 33/24/25 27/27/20 31/17/23
f 27/27/20 33/24/25 35/30/25
f 34/31/26 30/29/27 36/32/28
f 33/24/25 37/33/29 35/30/25
f 37/33/29 33/24/25 38/26/30
f 37/33/31 39/34/32 40/35/33
f 41/19/34 42/21/35 43/36/36
f 41/19/34 43/36/36 45/37/37
f 46/38/38 43/36/39 44/39/40
f 45/37/37 47/20/41 41/19/34
f 47/20/41 45/37/37 48/40/41
f 48/40/41 49/41/42 47/20/41
f 50/22/43 47/20/41 49/41/42
f 49/41/42 51/42/44 50/22/43
f 52/25/45 50/22/43 51/42/44
f 53/43/46 51/42/47 54/44/48
f 57/45/49 56/46/50 55/47/51
f 56/46/50 57/45/49 58/48/49
f 61/49/52 59/50/53 60/51/54
f 59/50/53 61/49/52 62/52/55
f 63/40/56 62/52/55 61/49/52
f 62/52/55 63/40/56 64/53/56
f 67/54/57 65/55/58 66/56/59
f 66/56/59 68/57/57 67/54/57
f 71/58/60 70/59/61 69/60/62
f 71/58/60 69/60/62 72/61/63
f 73/27/64 71/58/60 72/61/63
f 73/27/64 72/61/63 74/62/65
f 76/63/66 77/64/67 75/65/68
f 77/64/67 76/63/66 78/66/67
f 79/67/69 81/68/70 80/69/71
f 81/68/70 79/67/69 82/70/72
f 82/70/72 83/40/73 81/68/70
f 83/40/73 82/70/72 84/53/73
f 85/71/74 87/72/75 86/73/76
f 86/73/76 87/72/75 88/74/75
f 90/75/77 91/76/78 89/77/79
f 92/78/80 89/77/79 91/76/78
f 91/76/78 93/27/81 92/78/80
f 94/62/82 92/78/80 93/27/81
f 95/56/83 96/46/83 97/48/84
f 97/48/84 98/57/85 95/56/83
f 100/60/86 99/50/86 101/52/87
f 101/52/87 102/61/87 100/60/86
f 102/61/87 101/52/87 103/53/88
f 103/53/88 104/62/88 102/61/87
f 106/73/89 107/66/90 105/63/89
f 108/74/90 107/66/90 106/73/89
f 110/77/91 111/70/92 109/67/91
f 112/78/93 111/70/92 110/77/91
f 112/78/93 113/53/94 111/70/92
f 113/53/94 112/78/93 114/62/94
f 115/79/95 116/80/95 117/81/95
f 116/80/95 115/79/95 118/82/95
f 119/83/96 120/84/97 121/85/98
f 120/84/97 119/83/96 122/86/96
f 123/79/99 124/87/99 125/88/99
f 124/87/99 123/79/99 126/81/100
f 127/82/101 128/89/101 129/80/101
f 128/89/101 127/82/101 130/90/102
f 131/82/103 132/91/104 133/92/105
f 134/93/103 131/82/103 133/92/105
f 132/91/104 131/82/103 135/79/106
f 131/82/103 134/93/103 136/90/105
f 135/79/106 137/94/107 132/91/104
f 138/95/105 136/90/105 134/93/103
f 137/94/107 135/79/106 139/88/108
f 140/96/109 136/90/105 138/95/105
f 139/88/108 141/97/103 137/94/107
f 140/96/109 138/95/105 142/98/109
f 141/97/103 139/88/108 143/99/105
f 138/95/105 144/100/105 142/98/109
f 145/101/105 141/97/103 143/99/105
f 146/102/110 142/98/109 144/100/105
f 141/97/103 145/101/105 146/102/110
f 145/101/105 142/98/109 146/102/110
f 149/103/111 147/104/112 148/105/112
f 147/104/112 149/103/111 150/106/113
f 151/107/114 150/106/113 149/103/111
f 150/106/113 151/107/114 152/108/114
f 153/109/114 152/108/114 151/107/114
f 152/108/114 153/109/114 154/110/114
f 156/111/28 157/107/115 155/103/26
f 156/111/28 158/112/116 157/107/115
f 159/113/117 157/107/115 158/112/116
f 157/107/115 159/113/117 160/109/118
f 161/106/40 163/114/119 162/115/120
f 161/106/40 164/108/119 163/114/119
f 164/108/119 165/116/119 163/114/119
f 164/108/119 166/110/119 165/116/119
f 169/117/121 167/118/122 168/119/123
f 167/118/122 169/117/121 170/120/121
f 171/121/124 173/122/125 172/123/126
f 171/121/124 174/124/125 173/122/125
f 177/120/127 176/121/128 175/118/128
f 176/121/128 177/120/127 178/124/129
f 179/125/68 180/126/130 181/127/131
f 180/126/130 179/125/68 182/128/130
f 184/129/132 185/130/133 183/131/132
f 185/130/133 186/132/134 183/131/132
f 187/133/135 188/134/74 189/135/135
f 189/135/135 188/134/74 190/136/136
f 191/137/137 193/138/79 192/139/137
f 193/138/79 191/137/137 194/140/138
f 195/127/89 196/135/114 197/136/89
f 196/135/114 195/127/89 198/126/114
f 200/139/90 201/130/91 199/129/90
f 202/138/91 201/130/91 200/139/90
f 203/141/139 204/83/140 205/86/141
f 203/141/139 205/86/141 206/142/142
f 207/143/143 208/144/144 209/145/144
f 208/144/144 207/143/143 210/146/145
f 207/143/143 211/147/146 210/146/145
f 211/147/146 207/143/143 212/148/146
f 213/149/147 214/150/148 215/151/149
f 214/150/148 213/149/147 216/152/150
f 217/153/151 213/149/147 215/151/149
f 213/149/147 217/153/151 218/154/151
f 219/155/152 220/156/152 221/157/152
f 221/157/152 220/156/152 222/158/152
f 223/159/153 224/160/154 225/161/154
f 223/159/153 225/161/154 226/162/154
f 227/163/155 228/164/155 229/165/155
f 230/156/155 228/164/155 227/163/155
f 231/166/156 232/167/157 233/168/158
f 233/168/158 234/159/157 231/166/156
f 235/169/159 237/170/160 236/171/161
f 238/172/162 240/173/46 239/174/163
f 241/175/164 242/176/164 243/177/164
f 242/176/164 244/178/164 243/177/164
f 242/176/164 245/171/164 244/178/164
f 242/176/164 246/179/164 245/171/164
f 246/179/164 242/176/164 247/180/164
f 248/181/164 246/179/164 247/180/164
f 249/182/164 246/179/164 248/181/164
f 248/181/164 250/183/164 249/182/164
f 250/183/164 248/181/164 251/184/164
f 252/185/164 250/183/164 251/184/164
f 250/183/164 252/185/164 253/172/164
f 252/185/164 254/186/164 253/172/164
f 255/187/164 254/186/164 252/185/164
f 255/187/164 252/185/164 256/188/164
f 257/189/164 255/187/164 256/188/164
f 255/187/164 257/189/164 258/190/164
f 256/188/164 259/191/164 257/189/164
f 260/192/164 259/191/164 256/188/164
f 261/193/164 259/191/164 260/192/164
f 259/191/164 261/193/164 262/194/164
f 262/194/164 261/193/164 263/195/164
f 261/193/164 264/196/164 263/195/164
f 264/196/164 265/197/164 263/195/164
f 264/196/164 266/198/164 265/197/164
f 265/197/164 266/198/164 267/199/164
f 265/197/164 267/199/164 268/200/164
f 268/200/164 267/199/164 269/201/164
f 268/200/164 269/201/164 270/202/164
f 269/201/164 271/203/164 270/202/164
f 271/203/164 269/201/164 272/204/164
f 241/175/164 271/203/164 272/204/164
f 271/203/164 241/175/164 273/205/164
f 243/177/164 273/205/164 241/175/164
f 273/205/164 243/177/164 274/206/164
f 275/207/164 276/160/164 277/168/164
f 276/160/164 278/159/164 277/168/164
f 279/164/164 280/156/164 281/155/164
f 281/155/164 282/208/164 279/164/164
f 283/209/164 284/210/164 285/154/164
f 284/210/164 286/149/164 285/154/164
f 284/210/164 287/152/164 286/149/164
f 287/152/164 284/210/164 288/211/164
f 289/148/164 290/143/164 291/212/164
f 291/212/164 292/213/164 289/148/164
f 293/145/164 291/212/164 290/143/164
f 291/212/164 293/145/164 294/214/164
f 295/160/165 296/207/166 297/215/166
f 297/215/166 298/216/166 295/160/165
f 299/155/167 300/217/168 301/208/168
f 302/218/169 300/217/168 299/155/167
f 303/211/170 304/210/171 305/219/172
f 303/211/170 305/219/172 306/220/170
f 307/209/173 305/219/172 304/210/171
f 305/219/172 307/209/173 308/221/174
f 309/212/175 310/214/176 311/222/177
f 312/223/178 311/222/177 310/214/176
f 311/222/177 313/213/179 309/212/175
f 313/213/179 311/222/177 314/224/179
f 315/225/180 316/226/180 317/227/181
f 317/227/181 318/228/181 315/225/180
f 319/229/182 320/230/182 321/231/182
f 320/230/182 319/229/182 322/232/183
f 323/233/184 324/234/184 325/235/185
f 324/234/184 323/233/184 326/236/186
f 327/237/187 328/238/188 329/239/188
f 328/238/188 327/237/187 330/240/187
f 331/228/189 332/230/190 333/225/190
f 332/230/190 331/228/189 334/231/189
f 335/236/191 336/237/192 337/239/193
f 336/237/192 335/236/191 338/233/193
f 339/44/194 340/241/195 341/242/196
f 340/241/195 339/44/194 342/43/194
f 343/243/197 341/242/196 340/241/195
f 344/244/198 341/242/196 343/243/197
f 345/35/199 346/245/200 347/34/199
f 346/245/200 345/35/199 348/246/201
f 348/246/201 349/247/202 346/245/200
f 349/247/202 348/246/201 350/248/203
f 351/38/194 352/249/204 353/250/205
f 353/250/205 354/39/194 351/38/194
f 352/249/204 355/251/206 353/250/205
f 352/249/204 356/252/207 355/251/206
f 357/253/208 358/32/199 359/31/199
f 358/32/199 357/253/208 360/254/209
f 361/255/210 360/254/209 357/253/208
f 360/254/209 361/255/210 362/256/211
f 363/241/212 364/245/213 365/243/214
f 366/43/215 364/245/213 363/241/212
f 364/245/213 366/43/215 367/34/215
f 365/243/214 364/245/213 368/247/214
f 369/251/128 370/253/216 371/250/217
f 371/250/217 370/253/216 372/39/215
f 372/39/215 370/253/216 373/31/215
f 370/253/216 369/251/128 374/255/128
f 375/257/218 376/40/219 377/20/220
f 376/40/219 378/258/221 377/20/220
f 375/257/218 377/20/220 379/259/222
f 380/260/223 375/257/218 379/259/222
f 380/260/223 379/259/222 381/261/223
f 382/262/224 377/20/220 378/258/221
f 378/258/221 383/263/223 382/262/224
f 384/264/225 382/262/224 383/263/223
f 385/265/226 386/266/227 387/267/228
f 386/266/227 385/265/226 388/268/229
f 389/17/230 388/268/229 385/265/226
f 388/268/229 389/17/230 390/27/230
f 389/17/230 391/269/231 390/27/230
f 391/269/231 389/17/230 392/270/232
f 392/270/232 393/271/227 391/269/231
f 393/271/227 392/270/232 394/272/227
f 395/20/215 396/265/233 397/259/233
f 398/267/215 397/259/233 396/265/233
f 397/259/233 398/267/215 399/261/215
f 396/265/233 395/20/215 400/17/215
f 395/20/215 401/270/234 400/17/215
f 395/20/215 402/262/235 401/270/234
f 402/262/235 403/272/215 401/270/234
f 402/262/235 404/264/215 403/272/215
f 405/273/236 406/236/236 407/274/236
f 406/236/236 408/239/237 407/274/236
f 409/275/238 410/276/239 411/228/238
f 411/228/238 410/276/239 412/231/238
f 413/277/240 414/62/240 415/27/240
f 414/62/240 416/278/241 415/27/240
f 413/277/240 415/27/240 417/28/240
f 418/56/240 413/277/240 417/28/240
f 418/56/240 417/28/240 419/55/241
f 420/30/242 415/27/240 416/278/241
f 416/278/241 421/73/240 420/30/242
f 422/71/240 420/30/242 421/73/240
f 423/37/243 424/46/244 425/47/245
f 424/46/244 423/37/243 426/279/244
f 423/37/243 427/53/244 426/279/244
f 423/37/243 428/40/244 427/53/244
f 429/41/244 427/53/244 428/40/244
f 427/53/244 429/41/244 430/280/244
f 429/41/244 431/63/246 430/280/244
f 431/63/246 429/41/244 432/65/244
f 433/46/215 434/279/215 435/277/215
f 433/46/215 435/277/215 436/56/215
f 434/279/215 437/62/215 435/277/215
f 434/279/215 438/53/215 437/62/215
f 439/280/215 437/62/215 438/53/215
f 437/62/215 439/280/215 440/278/215
f 441/63/215 440/278/215 439/280/215
f 440/278/215 441/63/215 442/73/215
f 443/281/247 444/282/248 445/283/249
f 446/284/249 443/281/247 445/283/249
f 447/285/250 449/286/251 448/287/252
f 449/286/251 447/285/250 450/288/251
f 451/289/253 452/290/253 453/291/253
f 452/290/253 451/289/253 454/292/253
f 455/293/254 456/294/255 457/295/255
f 455/293/254 457/295/255 458/296/256
f 459/297/257 460/289/257 461/298/258
f 460/289/257 459/297/257 462/292/257
f 463/299/259 464/291/260 465/290/260
f 464/291/260 463/299/259 466/300/259
f 467/301/261 468/291/262 469/302/263
f 468/291/262 470/303/264 469/302/263
f 468/291/262 467/301/261 471/289/261
f 470/303/264 468/291/262 472/300/264
f 471/289/261 467/301/261 473/304/265
f 474/305/266 470/303/264 472/300/264
f 471/289/261 473/304/265 475/298/267
f 474/305/266 472/300/264 476/306/266
f 477/307/268 475/298/267 473/304/265
f 478/308/264 474/305/266 476/306/266
f 475/298/267 477/307/268 479/309/267
f 474/305/266 478/308/264 480/310/261
f 477/307/268 481/311/261 479/309/267
f 478/308/264 482/312/269 480/310/261
f 481/311/261 477/307/268 482/312/269
f 478/308/264 481/311/261 482/312/269
f 485/313/270 484/314/18 483/315/271
f 484/314/18 485/313/270 486/316/270
f 487/317/272 486/316/270 485/313/270
f 487/317/272 485/313/270 488/318/272
f 487/317/272 488/318/272 489/319/272
f 489/319/272 488/318/272 490/320/272
f 491/316/273 493/317/274 492/321/275
f 494/322/276 492/321/275 493/317/274
f 493/317/274 495/323/277 494/322/276
f 495/323/277 493/317/274 496/319/277
f 499/324/278 497/313/46 498/325/279
f 497/313/46 499/324/278 500/318/278
f 501/326/278 500/318/278 499/324/278
f 502/320/278 500/318/278 501/326/278
f 503/327/280 505/328/281 504/329/282
f 505/328/281 503/327/280 506/330/281
f 508/331/283 509/332/284 507/333/285
f 510/334/284 507/333/285 509/332/284
f 511/327/286 512/333/287 513/330/288
f 513/330/288 512/333/287 514/334/289
f 515/335/290 516/336/51 517/337/291
f 516/336/51 515/335/290 518/338/290
f 520/339/292 519/340/293 521/341/294
f 521/341/294 519/340/293 522/342/295
f 523/343/58 524/344/296 525/345/296
f 523/343/58 525/345/296 526/346/59
f 529/347/62 527/348/297 528/349/297
f 527/348/297 529/347/62 530/350/298
f 531/346/83 532/345/272 533/337/83
f 532/345/272 534/335/272 533/337/83
f 536/349/299 535/339/300 537/341/86
f 537/341/86 538/347/86 536/349/299
f 539/351/301 540/296/302 541/293/302
f 540/296/302 539/351/301 542/352/301
f 543/353/303 544/354/304 545/355/305
f 544/354/304 543/353/303 546/356/306
f 545/355/305 547/357/307 543/353/303
f 548/358/307 543/353/303 547/357/307
f 549/359/308 550/360/309 551/361/310
f 550/360/309 549/359/308 552/362/311
f 553/363/312 552/362/311 549/359/308
f 553/363/312 549/359/308 554/364/312
f 555/365/313 556/366/313 557/367/313
f 556/366/313 555/365/313 558/368/313
f 559/369/314 560/370/314 561/371/314
f 560/370/314 559/369/314 562/372/314
f 563/373/315 564/374/315 565/365/315
f 564/374/315 563/373/315 566/375/315
f 567/376/316 568/377/316 569/378/316
f 568/377/316 567/376/316 570/369/317
f 571/379/318 573/380/319 572/381/320
f 576/382/32 574/383/31 575/384/321
f 577/385/322 578/386/322 579/387/322
f 578/386/322 577/385/322 580/388/322
f 581/389/322 578/386/322 580/388/322
f 582/390/322 577/385/322 579/387/322
f 578/386/322 581/389/322 583/391/322
f 584/379/322 577/385/322 582/390/322
f 585/392/322 584/379/322 582/390/322
f 582/390/322 586/393/322 585/392/322
f 581/389/322 587/394/322 583/391/322
f 581/389/322 588/383/322 587/394/322
f 589/395/322 587/394/322 588/383/322
f 590/396/322 587/394/322 589/395/322
f 586/393/322 582/390/322 591/397/322
f 587/394/322 590/396/322 592/398/322
f 586/393/322 591/397/322 593/399/322
f 594/400/322 586/393/322 593/399/322
f 591/397/322 595/401/322 593/399/322
f 595/401/322 591/397/322 596/402/322
f 597/403/322 595/401/322 596/402/322
f 597/403/322 598/404/322 595/401/322
f 597/403/322 599/405/322 598/404/322
f 599/405/322 597/403/322 600/406/322
f 600/406/322 601/407/322 599/405/322
f 601/407/322 600/406/322 602/408/322
f 603/409/322 601/407/322 602/408/322
f 601/407/322 603/409/322 604/410/322
f 605/411/322 604/410/322 603/409/322
f 604/410/322 605/411/322 606/412/322
f 606/412/322 605/411/322 607/413/322
f 608/414/323 607/413/322 605/411/322
f 592/398/322 607/413/322 608/414/323
f 607/413/322 592/398/322 609/415/322
f 609/415/322 592/398/322 590/396/322
f 609/415/322 590/396/322 610/416/322
f 611/371/322 612/377/322 613/369/322
f 612/377/322 611/371/322 614/417/322
f 615/368/322 616/374/322 617/418/322
f 616/374/322 615/368/322 618/365/322
f 619/419/322 620/364/322 621/359/322
f 620/364/322 619/419/322 622/420/322
f 623/361/322 619/419/322 621/359/322
f 619/419/322 623/361/322 624/421/322
f 625/422/322 626/358/322 627/423/322
f 626/358/322 625/422/322 628/353/322
f 625/422/322 629/356/322 628/353/322
f 629/356/322 625/422/322 630/424/322
f 631/371/324 632/425/325 633/417/325
f 632/425/325 631/371/324 634/426/324
f 635/368/326 636/427/327 637/428/328
f 636/427/327 635/368/326 638/418/329
f 639/421/330 640/429/331 641/419/332
f 640/429/331 639/421/330 642/430/330
f 640/429/331 643/420/333 641/419/332
f 643/420/333 640/429/331 644/431/333
f 645/424/334 646/432/335 647/433/334
f 646/432/335 645/424/334 648/422/336
f 649/423/337 646/432/335 648/422/336
f 646/432/335 649/423/337 650/434/338
f 651/435/339 652/436/340 653/437/340
f 652/436/340 651/435/339 654/438/340
f 655/439/341 656/437/342 657/440/342
f 656/437/342 655/439/341 658/435/343
f 659/436/344 660/438/345 661/441/346
f 659/436/344 661/441/346 662/442/344
f 663/436/347 664/443/348 665/437/348
f 666/444/347 665/437/348 664/443/348
f 667/436/349 668/445/350 669/443/350
f 668/445/350 667/436/349 670/442/350
f 671/446/351 672/440/352 673/437/351
f 671/446/351 673/437/351 674/444/351
f 675/447/353 676/448/353 677/449/354
f 676/448/353 675/447/353 678/450/353
f 679/451/355 680/452/348 681/453/356
f 680/452/348 679/451/355 682/454/357
f 683/449/348 684/455/347 685/456/347
f 684/455/347 683/449/348 686/448/348
f 687/454/349 688/457/349 689/452/349
f 688/457/349 687/454/349 690/458/350
f 691/459/358 692/460/352 693/451/351
f 693/451/351 694/453/351 691/459/358
f 695/461/359 696/462/360 697/463/360
f 695/461/359 697/463/360 698/464/359
f 703/465/361 699/466/362 701/467/362
f 703/465/361 700/468/363 702/469/364
f 701/467/362 704/470/365 703/465/361
f 700/468/363 703/465/361 704/470/365
f 707/471/366 706/472/367 705/473/367
f 706/472/367 707/471/366 708/474/366
f 707/471/366 709/475/368 708/474/366
f 709/475/368 707/471/366 710/476/368
f 711/477/369 712/478/369 713/479/369
f 711/477/369 713/479/369 714/480/369
f 715/481/370 716/482/370 717/483/370
f 716/482/370 715/481/370 718/484/370
f 719/485/371 720/486/372 721/487/371
f 720/486/372 719/485/371 722/488/371
f 723/488/373 724/485/374 725/481/374
f 723/488/373 725/481/374 726/483/375
f 727/489/376 728/490/377 729/491/377
f 730/492/378 729/491/377 728/490/377
f 732/466/379 733/465/11 731/473/380
f 734/471/11 731/473/380 733/465/11
f 733/465/11 735/469/381 734/471/11
f 736/476/382 734/471/11 735/469/381
f 737/493/383 738/494/383 739/495/383
f 740/496/383 739/495/383 738/494/383
f 741/497/384 742/498/384 743/495/384
f 741/497/384 743/495/384 744/496/384
f 745/493/385 746/499/385 747/494/385
f 746/499/385 745/493/385 748/500/385
f 749/501/386 750/502/386 751/503/386
f 750/502/386 749/501/386 752/504/386
f 753/505/387 754/506/388 755/507/389
f 755/507/389 756/508/390 753/505/387
f 757/502/391 758/504/391 759/509/391
f 757/502/391 759/509/391 760/510/391
f 761/511/392 762/503/393 763/512/394
f 762/503/393 761/511/392 764/501/392
f 765/513/395 766/493/396 767/495/397
f 766/493/396 765/513/395 768/514/396
f 769/515/398 770/516/399 771/517/399
f 770/516/399 769/515/398 772/518/398
f 773/519/400 774/495/401 775/498/401
f 774/495/401 773/519/400 776/513/401
f 777/493/402 778/514/403 779/520/404
f 777/493/402 779/520/404 780/500/405
f 781/521/406 782/522/406 783/507/406
f 783/507/406 782/522/406 784/508/407
f 785/523/408 786/524/409 787/525/409
f 788/526/408 787/525/409 786/524/409
f 789/527/410 790/528/411 791/529/411
f 789/527/410 791/529/411 792/530/412
f 793/530/413 794/529/414 795/531/413
f 795/531/413 796/532/415 793/530/413
f 797/533/416 798/527/416 799/534/417
f 798/527/416 797/533/416 800/528/417
f 802/535/418 803/536/363 801/537/418
f 802/535/418 804/538/363 803/536/363
f 807/539/419 806/540/420 805/541/421
f 806/540/420 807/539/419 808/542/422
f 809/543/423 810/544/424 811/545/424
f 812/546/423 811/545/424 810/544/424
f 814/540/425 815/542/426 816/535/427
f 813/538/428 816/535/427 815/542/426
f 817/547/429 818/548/429 819/549/429
f 818/548/429 817/547/429 820/550/429
f 821/547/430 822/551/430 823/550/430
f 821/547/430 824/552/430 822/551/430
f 825/553/431 826/549/432 827/548/431
f 825/553/431 827/548/431 828/554/431
f 829/555/433 830/556/434 831/557/433
f 829/555/433 831/557/433 832/558/434
f 833/559/435 834/560/436 835/561/437
f 834/560/436 833/559/435 836/562/438
f 837/563/439 835/561/437 834/560/436
f 837/563/439 834/560/436 838/564/439
f 839/565/164 840/566/164 841/567/164
f 839/565/164 841/567/164 842/568/164
f 840/566/164 843/569/164 841/567/164
f 844/570/164 839/565/164 842/568/164
f 845/571/164 843/569/164 840/566/164
f 839/565/164 844/570/164 846/572/164
f 847/573/164 843/569/164 845/571/164
f 848/574/164 846/572/164 844/570/164
f 843/569/164 847/573/164 849/575/164
f 848/574/164 844/570/164 850/576/164
f 847/573/164 850/576/164 849/575/164
f 850/576/164 847/573/164 848/574/164
f 851/570/440 852/577/441 853/576/441
f 852/577/441 854/575/442 853/576/441
f 852/577/441 851/570/440 855/578/443
f 854/575/442 852/577/441 856/579/442
f 851/570/440 857/580/444 855/578/443
f 858/569/445 854/575/442 856/579/442
f 857/580/444 851/570/440 859/568/444
f 858/569/445 856/579/442 860/581/445
f 859/568/444 861/582/446 857/580/444
f 861/582/446 858/569/445 860/581/445
f 859/568/444 862/567/446 861/582/446
f 858/569/445 861/582/446 862/567/446
f 863/583/447 864/584/448 865/585/449
f 864/584/448 863/583/447 866/586/447
f 867/587/450 865/585/449 864/584/448
f 864/584/448 868/588/450 867/587/450
f 869/589/164 870/590/164 871/591/164
f 872/592/451 869/589/164 871/591/164
f 869/589/164 872/592/451 873/593/164
f 870/590/164 869/589/164 874/594/164
f 870/590/164 874/594/164 875/595/164
f 875/595/164 874/594/164 876/596/164
f 877/577/164 878/580/164 879/582/164
f 878/580/164 877/577/164 880/578/164
f 877/577/164 879/582/164 881/579/164
f 879/582/164 882/581/164 881/579/164
f 883/597/452 884/596/453 885/598/454
f 885/598/454 884/596/453 886/594/455
f 884/596/453 883/597/452 887/595/456
f 888/599/457 885/598/454 886/594/455
f 883/597/452 889/590/458 887/595/456
f 890/589/459 888/599/457 886/594/455
f 889/590/458 883/597/452 891/600/460
f 888/599/457 890/589/459 892/601/461
f 893/602/462 889/590/458 891/600/460
f 890/589/459 894/593/463 892/601/461
f 889/590/458 893/602/462 895/591/464
f 892/601/461 894/593/463 896/603/465
f 897/604/466 895/591/464 893/602/462
f 898/592/467 896/603/465 894/593/463
f 895/591/464 897/604/466 898/592/467
f 896/603/465 898/592/467 897/604/466
f 899/562/164 900/585/164 901/560/164
f 900/585/164 899/562/164 902/583/164
f 903/587/164 901/560/164 900/585/164
f 901/560/164 903/587/164 904/564/164
f 905/605/164 906/606/164 907/607/164
f 906/606/164 908/608/164 907/607/164
f 906/606/164 905/605/164 909/609/451
f 910/610/164 907/607/164 908/608/164
f 911/611/164 909/609/451 905/605/164
f 912/612/164 911/611/164 905/605/164
f 911/611/164 912/612/164 913/613/164
f 914/614/164 907/607/164 910/610/164
f 910/610/164 915/615/164 914/614/164
f 916/616/164 914/614/164 915/615/164
f 914/614/164 916/616/164 917/617/164
f 918/618/164 917/617/164 916/616/164
f 917/617/164 918/618/164 919/619/164
f 920/620/164 921/621/164 922/551/164
f 923/550/164 922/551/164 921/621/164
f 924/622/164 923/550/164 921/621/164
f 923/550/164 924/622/164 925/548/164
f 926/554/164 925/548/164 924/622/164
f 926/554/164 924/622/164 927/556/164
f 927/556/164 928/623/164 926/554/164
f 928/623/164 927/556/164 929/555/164
f 930/624/164 931/625/164 932/626/164
f 931/625/164 930/624/164 933/627/164
f 934/628/468 935/617/468 936/619/468
f 937/553/469 938/623/469 939/629/469
f 938/623/469 937/553/469 940/554/469
f 941/556/470 942/630/471 943/557/472
f 942/630/471 941/556/470 944/622/472
f 945/631/473 946/620/473 947/632/474
f 946/620/473 945/631/473 948/621/475
f 949/621/476 950/630/476 951/622/476
f 950/630/476 949/621/476 952/631/476
f 953/633/477 954/634/478 955/635/478
f 954/634/478 953/633/477 956/636/478
f 957/637/479 958/638/480 959/639/481
f 958/638/480 957/637/479 960/640/479
f 961/641/482 962/642/482 963/639/482
f 963/639/482 964/638/482 961/641/482
f 965/637/483 966/643/484 967/640/484
f 966/643/484 965/637/483 968/644/484
f 969/645/485 970/646/486 971/647/485
f 969/645/485 971/647/485 972/648/487
f 973/649/488 974/650/488 975/651/488
f 974/650/488 973/649/488 976/652/488
f 977/472/489 978/471/490 979/474/491
f 980/475/492 979/474/491 978/471/490
f 978/471/490 977/472/489 981/473/489
f 978/471/490 982/476/492 980/475/492
f 983/465/493 984/466/494 985/467/494
f 983/465/493 985/467/494 986/470/495
f 987/468/496 983/465/493 986/470/495
f 983/465/493 987/468/496 988/469/497
f 989/653/498 990/654/498 991/655/498
f 991/655/498 992/656/498 989/653/498
f 993/657/499 994/658/500 995/659/500
f 993/657/499 995/659/500 996/660/500
f 997/661/501 998/662/502 999/663/503
f 998/662/502 997/661/501 1000/664/501
f 1001/665/504 1002/656/505 1003/666/504
f 1004/655/504 1003/666/504 1002/656/505
f 1005/661/506 1006/663/506 1007/659/507
f 1008/660/498 1007/659/507 1006/663/506
f 1009/667/501 1010/668/502 1011/669/501
f 1010/668/502 1009/667/501 1012/670/503
f 1013/671/500 1014/672/499 1015/673/500
f 1013/671/500 1015/673/500 1016/674/500
f 1017/671/508 1018/669/506 1019/672/508
f 1018/669/506 1017/671/508 1020/667/508
f 1021/675/500 1022/676/509 1023/677/499
f 1021/675/500 1023/677/499 1024/678/500
f 1025/679/510 1026/680/501 1027/681/510
f 1026/680/501 1025/679/510 1028/682/503
f 1029/466/511 1031/465/215 1030/473/512
f 1032/471/215 1030/473/512 1031/465/215
f 1031/465/215 1033/469/513 1032/471/215
f 1034/476/514 1032/471/215 1033/469/513
f 1035/677/507 1036/681/515 1037/678/498
f 1036/681/515 1035/677/507 1038/679/516
f 1039/683/517 1040/684/517 1041/685/517
f 1040/684/517 1039/683/517 1042/686/517
f 1043/687/380 1044/688/380 1045/689/379
f 1046/690/518 1045/689/379 1044/688/380
f 1047/691/519 1048/690/519 1049/692/519
f 1048/690/519 1047/691/519 1050/689/519
f 1051/688/520 1052/687/520 1053/693/520
f 1051/688/520 1053/693/520 1054/694/520
f 1055/695/521 1056/696/522 1057/697/522
f 1055/695/521 1057/697/522 1058/698/522
f 1061/699/523 1060/700/524 1059/701/524
f 1060/700/524 1061/699/523 1062/702/523
f 1065/703/525 1064/704/526 1063/705/526
f 1065/703/525 1063/705/526 1066/706/362
f 1069/707/527 1068/708/528 1067/709/528
f 1068/708/528 1069/707/527 1070/710/527
f 1071/711/529 1072/712/529 1073/713/529
f 1075/714/530 1074/715/530 1076/716/530
f 1077/714/531 1078/716/531 1079/712/532
f 1077/714/531 1079/712/532 1080/711/531
f 1081/717/533 1082/718/533 1083/719/533
f 1082/718/533 1084/720/533 1083/719/533
f 1085/721/534 1086/722/535 1087/695/534
f 1087/695/534 1088/698/534 1085/721/534
f 1089/688/536 1090/723/536 1091/724/536
f 1090/723/536 1089/688/536 1092/694/536
f 1093/725/537 1094/692/537 1095/690/537
f 1093/725/537 1095/690/537 1096/726/537
f 1097/688/538 1098/724/538 1099/690/538
f 1100/726/539 1099/690/538 1098/724/538
f 1101/727/540 1102/728/540 1103/729/540
f 1102/728/540 1101/727/540 1104/730/541
f 1105/731/542 1106/732/543 1107/733/544
f 1105/731/542 1107/733/544 1108/734/542
f 1109/707/545 1110/709/511 1111/703/380
f 1112/704/546 1111/703/380 1110/709/511
f 1113/733/547 1114/730/548 1115/734/547
f 1114/730/548 1113/733/547 1116/728/549
f 1117/735/550 1118/736/550 1119/737/550
f 1117/735/550 1119/737/550 1120/738/550
f 1121/735/551 1122/739/551 1123/740/551
f 1122/739/551 1121/735/551 1124/738/551
f 1125/741/552 1126/737/553 1127/736/552
f 1126/737/553 1125/741/552 1128/742/554
f 1129/743/555 1130/744/555 1131/745/555
f 1130/744/555 1129/743/555 1132/746/555
f 1133/747/556 1134/748/557 1135/749/556
f 1134/748/557 1133/747/556 1136/750/558
f 1137/751/559 1134/748/557 1136/750/558
f 1134/748/557 1137/751/559 1138/752/560
f 1139/753/322 1140/754/322 1141/755/322
f 1142/756/322 1141/755/322 1140/754/322
f 1139/753/322 1141/755/322 1143/757/322
f 1141/755/322 1142/756/322 1144/758/322
f 1139/753/322 1143/757/322 1145/759/322
f 1142/756/322 1146/760/322 1144/758/322
f 1145/759/322 1143/757/322 1147/761/322
f 1142/756/322 1148/762/322 1146/760/322
f 1149/763/322 1145/759/322 1147/761/322
f 1148/762/322 1149/763/322 1146/760/322
f 1145/759/322 1149/763/322 1150/764/322
f 1150/764/322 1149/763/322 1148/762/322
f 1151/763/561 1152/761/562 1153/765/562
f 1151/763/561 1153/765/562 1154/766/563
f 1152/761/562 1155/767/564 1153/765/562
f 1156/768/565 1151/763/561 1154/766/563
f 1155/767/564 1152/761/562 1157/757/564
f 1151/763/561 1156/768/565 1158/760/565
f 1159/755/566 1155/767/564 1157/757/564
f 1160/758/567 1158/760/565 1156/768/565
f 1155/767/564 1159/755/566 1161/769/568
f 1160/758/567 1156/768/565 1162/770/567
f 1159/755/566 1162/770/567 1161/769/568
f 1162/770/567 1159/755/566 1160/758/567
f 1163/771/569 1164/772/570 1165/773/571
f 1164/772/570 1163/771/569 1166/774/572
f 1167/775/573 1164/772/570 1166/774/572
f 1164/772/570 1167/775/573 1168/776/574
f 1169/777/322 1170/778/322 1171/779/322
f 1170/778/322 1169/777/322 1172/780/322
f 1173/781/322 1172/780/322 1169/777/322
f 1173/781/322 1174/782/322 1172/780/322
f 1174/782/322 1173/781/322 1175/783/322
f 1175/783/322 1173/781/322 1176/784/322
f 1177/767/322 1178/770/322 1179/765/322
f 1178/770/322 1177/767/322 1180/769/322
f 1181/768/322 1179/765/322 1178/770/322
f 1179/765/322 1181/768/322 1182/766/575
f 1183/785/576 1184/786/577 1185/781/578
f 1184/786/577 1186/784/579 1185/781/578
f 1183/785/576 1185/781/578 1187/777/580
f 1186/784/579 1184/786/577 1188/787/581
f 1187/777/580 1189/788/582 1183/785/576
f 1188/787/581 1190/783/583 1186/784/579
f 1189/788/582 1187/777/580 1191/779/584
f 1188/787/581 1192/789/585 1190/783/583
f 1193/790/586 1189/788/582 1191/779/584
f 1192/789/585 1194/782/587 1190/783/583
f 1193/790/586 1191/779/584 1195/778/588
f 1194/782/587 1192/789/585 1196/791/589
f 1197/780/590 1193/790/586 1195/778/588
f 1196/791/589 1197/780/590 1194/782/587
f 1193/790/586 1197/780/590 1198/792/591
f 1196/791/589 1198/792/591 1197/780/590
f 1199/775/322 1200/748/322 1201/752/322
f 1200/748/322 1199/775/322 1202/774/322
f 1203/749/322 1200/748/322 1202/774/322
f 1203/749/322 1202/774/322 1204/771/322
f 1205/793/592 1206/794/322 1207/795/322
f 1208/796/593 1207/795/322 1206/794/322
f 1205/793/592 1207/795/322 1209/797/322
f 1206/794/322 1210/798/322 1208/796/593
f 1209/797/322 1211/799/322 1205/793/592
f 1210/798/322 1206/794/322 1212/800/322
f 1212/800/322 1213/801/322 1210/798/322
f 1213/801/322 1212/800/322 1214/802/322
f 1215/803/322 1205/793/592 1211/799/322
f 1215/803/322 1211/799/322 1216/804/322
f 1216/804/322 1217/805/322 1215/803/322
f 1218/806/322 1215/803/322 1217/805/322
f 1217/805/322 1219/807/322 1218/806/322
f 1220/737/322 1221/742/322 1222/808/322
f 1222/808/322 1223/738/322 1220/737/322
f 1222/808/322 1221/742/322 1224/746/322
f 1225/809/322 1224/746/322 1221/742/322
f 1224/746/322 1225/809/322 1226/744/322
f 1223/738/322 1222/808/322 1227/810/322
f 1228/739/322 1223/738/322 1227/810/322
f 1228/739/322 1227/810/322 1229/811/322
f 1230/812/322 1231/813/322 1232/814/322
f 1231/813/322 1230/812/322 1233/815/322
f 1234/800/530 1235/816/530 1236/802/530
f 1237/809/594 1238/742/594 1239/741/594
f 1237/809/594 1239/741/594 1240/817/594
f 1241/746/595 1242/818/595 1243/808/596
f 1242/818/595 1241/746/595 1244/743/596
f 1245/811/597 1246/810/598 1247/819/597
f 1247/819/597 1248/820/597 1245/811/597
f 1249/810/599 1250/808/599 1251/818/600
f 1251/818/600 1252/819/599 1249/810/599
f 1253/821/601 1254/822/602 1255/823/602
f 1256/824/601 1255/823/602 1254/822/602
f 1257/821/603 1258/825/604 1259/822/603
f 1258/825/604 1257/821/603 1260/826/604
f 1261/827/605 1262/828/605 1263/823/606
f 1261/827/605 1263/823/606 1264/824/605
f 1265/829/607 1266/821/607 1267/823/608
f 1266/821/607 1265/829/607 1268/830/608
f 1269/831/609 1270/823/610 1271/828/609
f 1270/823/610 1269/831/609 1272/829/610
f 1273/821/611 1274/830/611 1275/832/611
f 1273/821/611 1275/832/611 1276/826/611
f 1277/833/612 1278/834/612 1279/835/94
f 1280/836/94 1279/835/94 1278/834/612
f 1281/837/613 1282/838/607 1283/839/614
f 1284/840/613 1283/839/614 1282/838/607
f 1285/833/607 1286/835/607 1287/841/608
f 1287/841/608 1288/842/607 1285/833/607
f 1289/843/610 1290/840/609 1291/844/609
f 1290/840/609 1289/843/610 1292/839/610
f 1293/838/615 1294/837/611 1295/845/611
f 1293/838/615 1295/845/611 1296/846/615
f 1297/847/616 1298/848/617 1299/849/616
f 1298/848/617 1297/847/616 1300/850/617
f 1303/851/366 1301/852/368 1302/853/618
f 1303/851/366 1302/853/618 1304/854/619
f 1305/855/367 1303/851/366 1304/854/619
f 1303/851/366 1305/855/367 1306/856/367
f 1311/857/361 1309/858/620 1307/859/620
f 1311/857/361 1310/860/362 1308/861/362
f 1309/858/620 1311/857/361 1312/862/361
f 1308/861/362 1312/862/361 1311/857/361
f 1313/863/621 1314/864/621 1315/865/621
f 1314/864/621 1313/863/621 1316/866/621
f 1317/867/622 1318/868/623 1319/869/624
f 1318/868/623 1317/867/622 1320/870/624
f 1321/871/625 1322/872/625 1323/873/625
f 1323/873/625 1324/874/625 1321/871/625
f 1325/868/626 1326/870/627 1327/872/628
f 1325/868/626 1327/872/628 1328/871/626
f 1329/875/629 1330/876/629 1331/877/630
f 1330/876/629 1329/875/629 1332/878/630
f 1335/851/11 1334/859/381 1333/852/631
f 1334/859/381 1335/851/11 1336/857/11
f 1337/856/380 1336/857/11 1335/851/11
f 1336/857/11 1337/856/380 1338/860/379
f 1339/879/632 1340/880/632 1341/881/632
f 1342/882/632 1341/881/632 1340/880/632
f 1343/883/633 1344/884/633 1345/885/381
f 1344/884/633 1343/883/633 1346/886/381
f 1347/886/634 1348/887/634 1349/884/634
f 1348/887/634 1347/886/634 1350/888/634
f 1351/889/635 1352/890/635 1353/883/635
f 1351/889/635 1353/883/635 1354/885/635
f 1355/891/636 1356/892/636 1357/893/637
f 1357/893/637 1356/892/636 1358/894/636
f 1360/895/638 1361/896/639 1359/897/638
f 1362/898/639 1359/897/638 1361/896/639
f 1365/899/422 1364/900/420 1363/901/496
f 1365/899/422 1363/901/496 1366/902/422
f 1369/903/640 1367/904/641 1368/905/641
f 1367/904/641 1369/903/640 1370/906/363
f 1371/907/642 1372/908/642 1373/909/642
f 1374/910/643 1375/911/643 1376/912/643
f 1377/909/644 1378/908/644 1379/910/645
f 1377/909/644 1379/910/645 1380/912/644
f 1381/913/646 1382/914/646 1383/915/646
f 1382/914/646 1381/913/646 1384/916/646
f 1385/917/647 1386/892/648 1387/891/648
f 1386/892/648 1385/917/647 1388/918/649
f 1389/919/650 1390/883/650 1391/890/650
f 1390/883/650 1389/919/650 1392/920/650
f 1393/886/651 1394/921/652 1395/922/651
f 1393/886/651 1395/922/651 1396/888/651
f 1397/920/653 1398/886/654 1399/883/653
f 1398/886/654 1397/920/653 1400/921/654
f 1401/923/655 1402/924/656 1403/925/657
f 1402/924/656 1401/923/655 1404/926/655
f 1405/927/658 1406/928/658 1407/929/658
f 1405/927/658 1407/929/658 1408/930/659
f 1409/905/427 1410/899/426 1411/903/428
f 1410/899/426 1409/905/427 1412/900/425
f 1413/928/660 1414/927/661 1415/926/662
f 1416/924/662 1415/926/662 1414/927/661
f 1417/931/663 1418/932/663 1419/933/663
f 1417/931/663 1419/933/663 1420/934/663
f 1421/931/664 1422/935/664 1423/936/664
f 1422/935/664 1421/931/664 1424/934/664
f 1425/937/665 1426/933/665 1427/932/666
f 1426/933/665 1425/937/665 1428/938/667
f 1429/939/668 1430/940/669 1431/941/668
f 1430/940/669 1429/939/668 1432/942/669
f 1433/943/670 1434/944/671 1435/945/670
f 1434/944/671 1433/943/670 1436/946/672
f 1437/947/673 1434/944/671 1436/946/672
f 1434/944/671 1437/947/673 1438/948/673
f 1439/949/164 1440/950/164 1441/951/164
f 1442/952/164 1441/951/164 1440/950/164
f 1439/949/164 1441/951/164 1443/953/164
f 1441/951/164 1442/952/164 1444/954/164
f 1439/949/164 1443/953/164 1445/955/164
f 1442/952/164 1446/956/164 1444/954/164
f 1445/955/164 1443/953/164 1447/957/164
f 1442/952/164 1448/958/164 1446/956/164
f 1449/959/164 1445/955/164 1447/957/164
f 1448/958/164 1449/959/164 1446/956/164
f 1445/955/164 1449/959/164 1450/960/164
f 1450/960/164 1449/959/164 1448/958/164
f 1451/959/674 1452/957/442 1453/961/442
f 1451/959/674 1453/961/442 1454/962/674
f 1452/957/442 1455/963/441 1453/961/442
f 1456/964/446 1451/959/674 1454/962/674
f 1455/963/441 1452/957/442 1457/953/441
f 1451/959/674 1456/964/446 1458/956/446
f 1459/951/675 1455/963/441 1457/953/441
f 1460/954/444 1458/956/446 1456/964/446
f 1455/963/441 1459/951/675 1461/965/443
f 1460/954/444 1456/964/446 1462/966/444
f 1459/951/675 1462/966/444 1461/965/443
f 1462/966/444 1459/951/675 1460/954/444
f 1463/967/676 1464/968/677 1465/969/676
f 1464/968/677 1463/967/676 1466/970/678
f 1467/971/679 1464/968/677 1466/970/678
f 1464/968/677 1467/971/679 1468/972/679
f 1469/973/164 1470/974/164 1471/975/164
f 1470/974/164 1469/973/164 1472/976/164
f 1473/977/164 1472/976/164 1469/973/164
f 1473/977/164 1474/978/164 1472/976/164
f 1474/978/164 1473/977/164 1475/979/164
f 1475/979/164 1473/977/164 1476/980/164
f 1477/963/164 1478/966/164 1479/961/164
f 1478/966/164 1477/963/164 1480/965/164
f 1481/964/164 1479/961/164 1478/966/164
f 1479/961/164 1481/964/164 1482/962/164
f 1483/981/680 1484/982/681 1485/977/682
f 1484/982/681 1486/980/683 1485/977/682
f 1483/981/680 1485/977/682 1487/973/684
f 1486/980/683 1484/982/681 1488/983/685
f 1487/973/684 1489/984/686 1483/981/680
f 1488/983/685 1490/979/687 1486/980/683
f 1489/984/686 1487/973/684 1491/975/688
f 1488/983/685 1492/985/689 1490/979/687
f 1493/986/690 1489/984/686 1491/975/688
f 1492/985/689 1494/978/691 1490/979/687
f 1493/986/690 1491/975/688 1495/974/692
f 1494/978/691 1492/985/689 1496/987/693
f 1497/976/694 1493/986/690 1495/974/692
f 1496/987/693 1497/976/694 1494/978/691
f 1493/986/690 1497/976/694 1498/988/695
f 1496/987/693 1498/988/695 1497/976/694
f 1499/971/164 1500/944/164 1501/948/164
f 1500/944/164 1499/971/164 1502/970/164
f 1503/945/164 1500/944/164 1502/970/164
f 1503/945/164 1502/970/164 1504/967/164
f 1505/989/164 1506/990/164 1507/991/164
f 1508/992/164 1507/991/164 1506/990/164
f 1505/989/164 1507/991/164 1509/993/164
f 1506/990/164 1510/994/164 1508/992/164
f 1509/993/164 1511/995/164 1505/989/164
f 1510/994/164 1506/990/164 1512/996/164
f 1512/996/164 1513/997/164 1510/994/164
f 1513/997/164 1512/996/164 1514/998/164
f 1515/999/164 1505/989/164 1511/995/164
f 1515/999/164 1511/995/164 1516/1000/164
f 1516/1000/164 1517/1001/164 1515/999/164
f 1518/1002/164 1515/999/164 1517/1001/164
f 1517/1001/164 1519/1003/164 1518/1002/164
f 1520/933/164 1521/938/164 1522/1004/164
f 1522/1004/164 1523/934/164 1520/933/164
f 1522/1004/164 1521/938/164 1524/942/164
f 1525/1005/164 1524/942/164 1521/938/164
f 1524/942/164 1525/1005/164 1526/940/164
f 1523/934/164 1522/1004/164 1527/1006/164
f 1528/935/164 1523/934/164 1527/1006/164
f 1528/935/164 1527/1006/164 1529/1007/164
f 1530/1008/164 1531/1009/164 1532/1010/164
f 1531/1009/164 1530/1008/164 1533/1011/164
f 1535/996/643 1534/1012/643 1536/998/643
f 1537/1005/696 1538/938/696 1539/937/696
f 1537/1005/696 1539/937/696 1540/1013/696
f 1541/942/697 1542/1014/697 1543/1004/698
f 1542/1014/697 1541/942/697 1544/939/698
f 1545/1007/699 1546/1006/700 1547/1015/701
f 1547/1015/701 1548/1016/701 1545/1007/699
f 1549/1006/702 1550/1004/702 1551/1014/702
f 1551/1014/702 1552/1015/702 1549/1006/702
f 1553/1017/703 1554/1018/703 1555/1019/704
f 1556/1020/703 1555/1019/704 1554/1018/703
f 1557/1021/705 1558/1022/706 1559/1023/707
f 1557/1021/705 1559/1023/707 1560/1024/706
f 1561/1024/708 1562/1023/708 1563/1025/708
f 1561/1024/708 1563/1025/708 1564/1026/709
f 1565/1027/710 1566/1021/710 1567/1028/710
f 1566/1021/710 1565/1027/710 1568/1022/710
f 1569/1029/711 1570/1030/712 1571/1031/711
f 1569/1029/711 1571/1031/711 1572/1032/711
f 1573/1033/713 1574/1034/713 1575/1035/713
f 1573/1033/713 1575/1035/713 1576/1036/713
f 1577/857/493 1578/858/496 1579/859/496
f 1578/858/496 1577/857/493 1580/862/495
f 1577/857/493 1581/861/494 1580/862/495
f 1581/861/494 1577/857/493 1582/860/494
f 1583/853/492 1584/854/491 1585/851/714
f 1586/855/489 1585/851/714 1584/854/491
f 1585/851/714 1587/852/492 1583/853/492
f 1585/851/714 1586/855/489 1588/856/489
f 1589/1037/715 1590/1038/715 1591/1039/715
f 1590/1038/715 1589/1037/715 1592/1040/715
f 1593/1041/716 1594/1042/716 1595/1043/716
f 1595/1043/716 1596/1044/717 1593/1041/716
f 1597/1045/718 1598/1046/719 1599/1047/719
f 1598/1046/719 1597/1045/718 1600/1048/718
f 1601/1039/720 1602/1049/721 1603/1050/721
f 1602/1049/721 1601/1039/720 1604/1038/721
f 1605/1048/722 1606/1041/723 1607/1046/724
f 1606/1041/723 1605/1048/722 1608/1042/715
f 1609/1051/718 1610/1052/719 1611/1053/718
f 1610/1052/719 1609/1051/718 1612/1054/719
f 1613/1055/716 1614/1056/717 1615/1057/717
f 1613/1055/716 1615/1057/717 1616/1058/717
f 1617/1056/725 1618/1055/725 1619/1053/722
f 1620/1051/725 1619/1053/722 1618/1055/725
f 1621/1059/716 1622/1060/717 1623/1061/717
f 1621/1059/716 1623/1061/717 1624/1062/726
f 1625/1063/718 1626/1064/719 1627/1065/719
f 1626/1064/719 1625/1063/718 1628/1066/718
f 1631/851/215 1630/859/513 1629/852/513
f 1630/859/513 1631/851/215 1632/857/215
f 1633/856/512 1632/857/215 1631/851/215
f 1632/857/215 1633/856/512 1634/860/511
f 1635/1060/715 1636/1059/727 1637/1066/715
f 1638/1064/727 1637/1066/715 1636/1059/727
f 1639/1067/728 1640/1068/728 1641/1069/728
f 1640/1068/728 1639/1067/728 1642/1070/728
f 1643/1068/729 1644/1070/729 1645/1071/729
f 1643/1068/729 1645/1071/729 1646/1072/729
f 1647/1073/730 1648/1069/730 1649/1074/730
f 1648/1069/730 1647/1073/730 1650/1067/730
f 1651/1075/731 1652/1076/731 1653/1077/731
f 1654/1078/731 1653/1077/731 1652/1076/731
f 1655/1079/732 1656/1080/733 1657/1081/732
f 1656/1080/733 1655/1079/732 1658/1082/734
f 1659/1083/735 1660/1084/735 1661/1077/736
f 1661/1077/736 1662/1078/735 1659/1083/735
f 1663/1075/737 1664/1085/737 1665/1076/738
f 1664/1085/737 1663/1075/737 1666/1086/738
f 1667/1068/739 1668/1087/740 1669/1069/741
f 1670/1088/741 1669/1069/741 1668/1087/740
f 1671/1089/742 1672/1090/742 1673/1091/742
f 1674/1092/742 1673/1091/742 1672/1090/742
f 1675/1068/743 1676/1093/743 1677/1087/744
f 1676/1093/743 1675/1068/743 1678/1072/743
f 1679/1094/745 1680/1074/746 1681/1069/745
f 1681/1069/745 1682/1088/746 1679/1094/745
f 1683/1095/747 1684/1081/747 1685/1080/748
f 1683/1095/747 1685/1080/748 1686/1096/747
f 1687/1097/749 1688/1098/750 1689/1099/750
f 1688/1098/750 1687/1097/749 1690/1100/749
f 1691/1101/751 1692/1102/752 1693/1103/753
f 1691/1101/751 1693/1103/753 1694/1104/752
f 1695/1105/754 1696/1106/754 1697/1102/754
f 1695/1105/754 1697/1102/754 1698/1101/755
f 1699/1103/756 1700/1107/757 1701/1104/758
f 1700/1107/757 1699/1103/756 1702/1108/759
f 1704/1109/760 1705/1110/527 1703/1111/760
f 1704/1109/760 1706/1112/527 1705/1110/527
f 1709/1113/761 1708/1114/762 1707/1115/526
f 1708/1114/762 1709/1113/761 1710/1116/525
f 1711/1117/763 1712/1118/763 1713/1119/763
f 1712/1118/763 1711/1117/763 1714/1120/764
f 1718/1109/511 1716/1116/380 1715/1112/545
f 1716/1116/380 1718/1109/511 1717/1114/546
f 1719/1121/765 1720/1122/765 1721/1123/765
f 1720/1122/765 1719/1121/765 1722/1124/765
f 1723/1121/766 1724/1125/766 1725/1124/766
f 1723/1121/766 1726/1126/766 1724/1125/766
f 1727/1127/767 1728/1123/768 1729/1122/768
f 1727/1127/767 1729/1122/768 1730/1128/768
f 1731/1129/769 1732/1130/770 1733/1131/770
f 1731/1129/769 1733/1131/770 1734/1132/769
f 1735/1133/771 1736/1134/772 1737/1135/773
f 1736/1134/772 1735/1133/771 1738/1136/771
f 1739/1137/774 1737/1135/773 1736/1134/772
f 1739/1137/774 1736/1134/772 1740/1138/775
f 1741/1139/322 1742/1140/322 1743/1141/322
f 1741/1139/322 1743/1141/322 1744/1142/322
f 1742/1140/322 1745/1143/322 1743/1141/322
f 1746/1144/322 1741/1139/322 1744/1142/322
f 1747/1145/322 1745/1143/322 1742/1140/322
f 1741/1139/322 1746/1144/322 1748/1146/322
f 1749/1147/322 1745/1143/322 1747/1145/322
f 1750/1148/322 1748/1146/322 1746/1144/322
f 1745/1143/322 1749/1147/322 1751/1149/322
f 1750/1148/322 1746/1144/322 1752/1150/322
f 1749/1147/322 1752/1150/322 1751/1149/322
f 1752/1150/322 1749/1147/322 1750/1148/322
f 1753/1144/776 1754/1151/564 1755/1150/564
f 1754/1151/564 1756/1149/562 1755/1150/564
f 1754/1151/564 1753/1144/776 1757/1152/776
f 1756/1149/562 1754/1151/564 1758/1153/562
f 1753/1144/776 1759/1154/567 1757/1152/776
f 1760/1143/561 1756/1149/562 1758/1153/562
f 1759/1154/567 1753/1144/776 1761/1142/567
f 1760/1143/561 1758/1153/562 1762/1155/563
f 1761/1142/567 1763/1156/565 1759/1154/567
f 1763/1156/565 1760/1143/561 1762/1155/563
f 1761/1142/567 1764/1141/565 1763/1156/565
f 1760/1143/561 1763/1156/565 1764/1141/565
f 1765/1157/777 1766/1158/778 1767/1159/779
f 1766/1158/778 1765/1157/777 1768/1160/777
f 1769/1161/780 1767/1159/779 1766/1158/778
f 1766/1158/778 1770/1162/781 1769/1161/780
f 1771/1163/322 1772/1164/322 1773/1165/322
f 1774/1166/322 1771/1163/322 1773/1165/322
f 1771/1163/322 1774/1166/322 1775/1167/322
f 1772/1164/322 1771/1163/322 1776/1168/322
f 1772/1164/322 1776/1168/322 1777/1169/322
f 1777/1169/322 1776/1168/322 1778/1170/322
f 1779/1151/322 1780/1154/322 1781/1156/322
f 1780/1154/322 1779/1151/322 1782/1152/322
f 1779/1151/322 1781/1156/322 1783/1153/322
f 1781/1156/322 1784/1155/322 1783/1153/322
f 1785/1171/782 1786/1170/783 1787/1172/784
f 1787/1172/784 1786/1170/783 1788/1168/785
f 1786/1170/783 1785/1171/782 1789/1169/786
f 1790/1173/787 1787/1172/784 1788/1168/785
f 1785/1171/782 1791/1164/788 1789/1169/786
f 1792/1163/789 1790/1173/787 1788/1168/785
f 1791/1164/788 1785/1171/782 1793/1174/790
f 1790/1173/787 1792/1163/789 1794/1175/791
f 1795/1176/792 1791/1164/788 1793/1174/790
f 1792/1163/789 1796/1167/793 1794/1175/791
f 1791/1164/788 1795/1176/792 1797/1165/794
f 1794/1175/791 1796/1167/793 1798/1177/795
f 1799/1178/796 1797/1165/794 1795/1176/792
f 1800/1166/797 1798/1177/795 1796/1167/793
f 1797/1165/794 1799/1178/796 1800/1166/797
f 1798/1177/795 1800/1166/797 1799/1178/796
f 1801/1136/322 1802/1159/322 1803/1134/322
f 1802/1159/322 1801/1136/322 1804/1157/322
f 1805/1161/322 1803/1134/322 1802/1159/322
f 1803/1134/322 1805/1161/322 1806/1138/322
f 1807/1179/322 1808/1180/322 1809/1181/322
f 1808/1180/322 1810/1182/322 1809/1181/322
f 1808/1180/322 1807/1179/322 1811/1183/322
f 1812/1184/322 1809/1181/322 1810/1182/322
f 1813/1185/322 1811/1183/322 1807/1179/322
f 1814/1186/322 1813/1185/322 1807/1179/322
f 1813/1185/322 1814/1186/322 1815/1187/322
f 1816/1188/322 1809/1181/322 1812/1184/322
f 1812/1184/322 1817/1189/322 1816/1188/322
f 1818/1190/322 1816/1188/322 1817/1189/322
f 1816/1188/322 1818/1190/322 1819/1191/322
f 1820/1192/322 1819/1191/322 1818/1190/322
f 1819/1191/322 1820/1192/322 1821/1193/322
f 1822/1194/322 1823/1195/322 1824/1125/322
f 1825/1124/322 1824/1125/322 1823/1195/322
f 1826/1196/322 1825/1124/322 1823/1195/322
f 1825/1124/322 1826/1196/322 1827/1122/322
f 1828/1128/322 1827/1122/322 1826/1196/322
f 1828/1128/322 1826/1196/322 1829/1130/322
f 1829/1130/322 1830/1197/322 1828/1128/322
f 1830/1197/322 1829/1130/322 1831/1129/322
f 1832/1198/322 1833/1199/322 1834/1200/798
f 1833/1199/322 1832/1198/322 1835/1201/322
f 1836/1191/642 1837/1193/642 1838/1202/642
f 1839/1127/799 1840/1197/800 1841/1203/801
f 1840/1197/800 1839/1127/799 1842/1128/799
f 1843/1130/802 1844/1204/803 1845/1131/802
f 1844/1204/803 1843/1130/802 1846/1196/804
f 1847/1205/805 1848/1194/806 1849/1206/805
f 1848/1194/806 1847/1205/805 1850/1195/805
f 1851/1195/807 1852/1204/808 1853/1196/808
f 1852/1204/808 1851/1195/807 1854/1205/808
